role,content,timestamp
2025-02-05 14:10:47,Robot,"{""Hello! I'm Pepper, your exercise coach. How are you today?"", false}"
2025-02-05 14:10:47,Robot,"Hello! I'm Pepper, your exercise coach. How are you today?"
2025-02-05 14:11:00,User,I'm good. How are you?
2025-02-05 14:11:01,Robot,"I'm doing well, thank you! Before we begin, I'll ask a few questions. How old are you?"
2025-02-05 14:11:30,User,I'm 24.
2025-02-05 14:11:31,Robot,Great! Is exercise something you choose to do?
2025-02-05 14:11:49,User,Sometimes
2025-02-05 14:11:50,Robot,"Understood. Do you feel like someone else, like a doctor or family member, is making you exercise?"
2025-02-05 14:12:06,User,Really.
2025-02-05 14:12:07,Robot,Got it. What's your energy level today on a scale of 1-10?
2025-02-05 14:12:26,User,6
2025-02-05 14:12:27,Robot,"Thank you! We'll do two rounds of 4 sets: bicep curls and lateral raises, 40 seconds each. Any questions?"
2025-02-05 14:12:44,User,Really
2025-02-05 14:12:44,Robot,I understand. Do you have any questions about the exercises?
2025-02-05 14:13:03,User,I don't have any questions
2025-02-05 14:13:04,Robot,Great! Are you ready to start the exercising with me?
2025-02-05 14:13:23,User,exercising
2025-02-05 14:13:24,Robot,Great! Let's get started with the exercises.
2025-02-05 14:13:35,User,OK.
2025-02-05 14:13:36,Robot,"{""Great! Let's get started with the exercises"", true}"
2025-02-05 14:13:55,User,How was your day today?
2025-02-05 14:13:55,Robot,Done with the set.
2025-02-05 14:13:55,Robot,Take a rest for 40 seconds.
2025-02-05 14:13:58,Robot,"My day has been pretty good so far, thanks for asking! How about you? Anything fun planned for the rest of the day?"
2025-02-05 14:13:58,Robot,"My day has been pretty good so far, thanks for asking! How about you? Anything fun planned for the rest of the day?"
2025-02-05 14:14:16,User,Really
2025-02-05 14:14:18,Robot,"Yeah, I'm always curious to hear about what others have planned. It's great to get to know people better. So, do you have anything fun or interesting coming up today?"
2025-02-05 14:14:18,Robot,"Yeah, I'm always curious to hear about what others have planned. It's great to get to know people better. So, do you have anything fun or interesting coming up today?"
2025-02-05 14:14:36,User,No
2025-02-05 14:14:37,Robot,"That's okay, sometimes it's nice to just have a relaxing day with no plans. Do you have any favorite ways to unwind or relax when you're taking it easy?"
2025-02-05 14:14:37,Robot,"That's okay, sometimes it's nice to just have a relaxing day with no plans. Do you have any favorite ways to unwind or relax when you're taking it easy?"
2025-02-05 14:15:15,User,I like to read books.
2025-02-05 14:15:15,Robot,Done with the set.
2025-02-05 14:15:15,Robot,Take a rest for 40 seconds.
2025-02-05 14:15:17,Robot,That's a great way to relax! Have you read any good books recently that you'd recommend?
2025-02-05 14:15:17,Robot,That's a great way to relax! Have you read any good books recently that you'd recommend?
2025-02-05 14:15:34,User,Yeah
2025-02-05 14:15:35,Robot,"Awesome! I'd love to hear about it. What's the book about, and what did you like about it?"
2025-02-05 14:15:35,Robot,"Awesome! I'd love to hear about it. What's the book about, and what did you like about it?"
2025-02-05 14:15:47,User,The book's name is
2025-02-05 14:15:47,Robot,"Oh, I'm curious to know the name! What's it about, and what drew you to it?"
2025-02-05 14:15:47,Robot,"Oh, I'm curious to know the name! What's it about, and what drew you to it?"
2025-02-05 14:16:00,User,its store.
2025-02-05 14:16:00,Robot,"""Store"" sounds interesting! Is it a novel or more of a non-fiction book? What did you enjoy most about it?"
2025-02-05 14:16:00,Robot,"""Store"" sounds interesting! Is it a novel or more of a non-fiction book? What did you enjoy most about it?"
2025-02-05 14:16:19,User,It's a nonfiction book.
2025-02-05 14:16:19,Robot,Done with the set.
2025-02-05 14:16:19,Robot,Take a rest for 40 seconds.
2025-02-05 14:16:20,Robot,"Non-fiction can be really fascinating! What's the main topic or theme of ""Store""?"
2025-02-05 14:16:20,Robot,"Non-fiction can be really fascinating! What's the main topic or theme of ""Store""?"
2025-02-05 14:16:38,User,How much longer are we going to be exercising?
2025-02-05 14:16:39,Robot,We're almost done! Just a couple more sets and you'll be good to go. You're doing great! How are you feeling so far?
2025-02-05 14:16:39,Robot,We're almost done! Just a couple more sets and you'll be good to go. You're doing great! How are you feeling so far?
2025-02-05 14:16:54,User,I'm getting tired.
2025-02-05 14:16:56,Robot,"That's totally understandable. It's important to listen to your body, so if you need to take a longer break or wrap up for today, that's perfectly okay. Just let me know how you're feeling, and we can adjust the pace as needed."
2025-02-05 14:16:56,Robot,"That's totally understandable. It's important to listen to your body, so if you need to take a longer break or wrap up for today, that's perfectly okay. Just let me know how you're feeling, and we can adjust the pace as needed."
2025-02-05 14:17:22,User,What exercises do we have left today?
2025-02-05 14:17:24,Robot,"After this set of lateral raises, we can wrap it up unless you feel like doing more. Just let me know how you're feeling, and we can decide together. You're doing a great job!"
2025-02-05 14:17:24,Robot,"After this set of lateral raises, we can wrap it up unless you feel like doing more. Just let me know how you're feeling, and we can decide together. You're doing a great job!"
2025-02-05 14:17:45,User,Thanks. Did you
2025-02-05 14:17:45,Robot,Done with the set.
2025-02-05 14:17:45,Robot,Great job completing this round!
2025-02-05 14:24:53,User,today
2025-02-05 14:24:53,Robot,Done with the set.
2025-02-05 14:24:53,Robot,Take a rest for 40 seconds.
2025-02-05 14:24:54,Robot,Got any fun plans for today?
2025-02-05 14:24:54,Robot,Got any fun plans for today?
2025-02-05 14:25:05,User,Bye.
2025-02-05 14:25:05,Robot,Thank you for exercising with me.
2025-02-05 14:27:53,User,How are you today?
2025-02-05 14:27:53,Robot,Done with the set.
2025-02-05 14:27:53,Robot,Take a rest for 40 seconds.
2025-02-05 14:27:54,Robot,"I'm doing great, thanks! How about you? Any fun plans for today?"
2025-02-05 14:27:54,Robot,"I'm doing great, thanks! How about you? Any fun plans for today?"
2025-02-05 14:28:08,User,Bye.
2025-02-05 14:28:08,Robot,Thank you for exercising with me.
2025-02-05 14:34:07,User,How are you today?
2025-02-05 14:34:07,Robot,Done with the set.
2025-02-05 14:34:07,Robot,Take a rest for 40 seconds.
2025-02-05 14:34:08,Robot,"I'm doing great, thanks! How about you?"
2025-02-05 14:34:08,Robot,"I'm doing great, thanks! How about you?"
2025-02-05 14:34:21,User,Bye.
2025-02-05 14:34:21,Robot,Thank you for exercising with me.
2025-02-05 14:36:55,User,How are you today?
2025-02-05 14:36:55,Robot,Done with the set.
2025-02-05 14:36:55,Robot,Take a rest for 40 seconds.
2025-02-05 14:36:56,Robot,I'm doing great! How about you? Any fun plans today?
2025-02-05 14:36:56,Robot,I'm doing great! How about you? Any fun plans today?
2025-02-05 14:37:11,User,"Yeah,"
2025-02-05 14:37:12,Robot,Awesome! What do you have planned?
2025-02-05 14:37:12,Robot,Awesome! What do you have planned?
2025-02-05 14:37:19,User,Yoga
2025-02-05 14:37:20,Robot,Nice choice! Yoga's great for relaxation and flexibility. Do you have a favorite pose?
2025-02-05 14:37:20,Robot,Nice choice! Yoga's great for relaxation and flexibility. Do you have a favorite pose?
2025-02-05 14:37:32,User,Not really.
2025-02-05 14:37:33,Robot,That's cool. Do you practice yoga often?
2025-02-05 14:37:33,Robot,That's cool. Do you practice yoga often?
2025-02-05 14:37:42,User,"Now, let's talk about a different topic."
2025-02-05 14:37:43,Robot,Sure! Do you have any pets?
2025-02-05 14:37:43,Robot,Sure! Do you have any pets?
2025-02-05 14:37:54,User,"No. Oh yes, I have a dog."
2025-02-05 14:37:54,Robot,Done with the set.
2025-02-05 14:37:54,Robot,Take a rest for 40 seconds.
2025-02-05 14:37:55,Robot,That's great! What's your dog's name?
2025-02-05 14:37:55,Robot,That's great! What's your dog's name?
2025-02-05 14:38:07,User,His name is Oliver.
2025-02-05 14:38:08,Robot,Oliver is a cute name! What breed is he?
2025-02-05 14:38:08,Robot,Oliver is a cute name! What breed is he?
2025-02-05 14:38:16,User,He's a miniature poodle.
2025-02-05 14:38:17,Robot,Miniature poodles are adorable! Is he playful or more laid-back?
2025-02-05 14:38:18,Robot,Miniature poodles are adorable! Is he playful or more laid-back?
2025-02-05 14:38:27,User,loves to play.
2025-02-05 14:38:29,Robot,Sounds like fun! Do you have a favorite game to play with him?
2025-02-05 14:38:29,Robot,Sounds like fun! Do you have a favorite game to play with him?
2025-02-05 14:38:48,User,He's really bad at fetch.
2025-02-05 14:38:48,Robot,That's okay! Maybe he enjoys tug-of-war or running around instead?
2025-02-05 14:38:48,Robot,That's okay! Maybe he enjoys tug-of-war or running around instead?
2025-02-05 14:39:01,User,He loves to run around in circles.
2025-02-05 14:39:01,Robot,Done with the set.
2025-02-05 14:39:01,Robot,Take a rest for 40 seconds.
2025-02-05 14:39:02,Robot,That sounds entertaining! It must be fun to watch him go.
2025-02-05 14:39:02,Robot,That sounds entertaining! It must be fun to watch him go.
2025-02-05 14:39:17,User,Bye.
2025-02-05 14:39:17,Robot,Thank you for exercising with me.
2025-02-05 14:44:03,User,Bye.
2025-02-05 14:50:59,User,How are you today?
2025-02-05 14:50:59,Robot,Done with the set.
2025-02-05 14:50:59,Robot,Take a rest for 40 seconds.
2025-02-05 14:51:00,Robot,I'm doing great! How about you? Got any fun plans today?
2025-02-05 14:51:00,Robot,I'm doing great! How about you? Got any fun plans today?
2025-02-05 14:51:13,User,Bye.
2025-02-05 14:51:13,Robot,Thank you for exercising with me.
2025-02-05 14:55:20,User,How are you today?
2025-02-05 14:55:20,Robot,Done with the set.
2025-02-05 14:55:20,Robot,Take a rest for 40 seconds.
2025-02-05 14:55:21,Robot,"I'm doing great, thanks! How about you? Any fun plans for today?"
2025-02-05 14:55:21,Robot,"I'm doing great, thanks! How about you? Any fun plans for today?"
2025-02-05 14:55:37,User,Bye.
2025-02-05 14:55:37,Robot,Thank you for exercising with me.
2025-02-05 14:59:09,User,How are you today?
2025-02-05 14:59:09,Robot,Done with the set.
2025-02-05 14:59:09,Robot,Take a rest for 40 seconds.
2025-02-05 14:59:10,Robot,I'm doing great! How about you? Anything fun planned for today?
2025-02-05 14:59:10,Robot,I'm doing great! How about you? Anything fun planned for today?
2025-02-05 14:59:23,User,Bye.
2025-02-05 14:59:23,Robot,Thank you for exercising with me.
2025-02-05 15:05:08,User,Are we done yet?
2025-02-05 15:05:08,Robot,Done with the set.
2025-02-05 15:05:09,Robot,Take a rest for 40 seconds.
2025-02-05 15:05:19,Robot,Got any fun plans for today after our workout?
2025-02-05 15:05:19,Robot,Got any fun plans for today after our workout?
2025-02-05 15:05:27,User,Bye.
2025-02-05 15:05:27,Robot,Thank you for exercising with me.
2025-02-05 15:07:09,User,How are you today?
2025-02-05 15:07:11,Robot,"I'm doing great, thanks! How about you?"
2025-02-05 15:07:11,Robot,"I'm doing great, thanks! How about you?"
2025-02-05 15:07:11,Robot,Done with the set.
2025-02-05 15:07:12,Robot,Take a rest for 40 seconds.
2025-02-05 15:07:25,User,Bye.
2025-02-05 15:07:25,Robot,Thank you for exercising with me.
2025-02-05 15:13:09,User,How are you today?
2025-02-05 15:13:13,Robot,"I'm great, thanks! How about you?"
2025-02-05 15:13:13,Robot,"I'm great, thanks! How about you?"
2025-02-05 15:13:13,Robot,Done with the set.
2025-02-05 15:13:14,Robot,Take a rest for 40 seconds.
2025-02-05 15:13:23,User,Bye.
2025-02-05 15:13:23,Robot,Thank you for exercising with me.
2025-02-05 15:14:53,User,Bye.
2025-02-05 15:18:44,User,How are you today?
2025-02-05 15:18:44,Robot,Done with the set.
2025-02-05 15:18:45,Robot,Take a rest for 40 seconds.
2025-02-05 15:18:48,Robot,I'm doing great! How about you? Anything fun planned for today?
2025-02-05 15:18:48,Robot,I'm doing great! How about you? Anything fun planned for today?
2025-02-05 15:19:01,User,"No, bye."
2025-02-05 15:19:02,Robot,"Alright, take care! See you next time."
2025-02-05 15:19:02,Robot,"Alright, take care! See you next time."
2025-02-05 15:19:10,User,Bye.
2025-02-05 15:19:10,Robot,Thank you for exercising with me.
2025-02-05 15:22:41,User,Bye.
2025-02-05 15:23:29,User,How are you today?
2025-02-05 15:23:29,Robot,Done with the set.
2025-02-05 15:23:30,Robot,Take a rest for 40 seconds.
2025-02-05 15:23:32,Robot,I'm doing great! How about you? Any fun plans today?
2025-02-05 15:23:32,Robot,I'm doing great! How about you? Any fun plans today?
2025-02-05 15:23:45,User,Bye.
2025-02-05 15:23:45,Robot,Thank you for exercising with me.
2025-02-05 15:25:19,User,How are you today?
2025-02-05 15:25:19,Robot,Done with the set.
2025-02-05 15:25:20,Robot,Take a rest for 40 seconds.
2025-02-05 15:25:22,Robot,I'm doing great! How about you? Anything fun planned for today?
2025-02-05 15:25:22,Robot,I'm doing great! How about you? Anything fun planned for today?
2025-02-05 15:25:34,User,Bye.
2025-02-05 15:25:35,Robot,Thank you for exercising with me.
2025-02-05 15:32:51,User,How are you today?
2025-02-05 15:32:51,Robot,Done with the set.
2025-02-05 15:32:52,Robot,Take a rest for 40 seconds.
2025-02-05 15:32:54,Robot,"I'm doing great, thanks! How about you? Got anything fun planned today?"
2025-02-05 15:32:54,Robot,"I'm doing great, thanks! How about you? Got anything fun planned today?"
2025-02-05 15:33:07,User,Bye.
2025-02-05 15:33:08,Robot,Thank you for exercising with me.
2025-02-05 18:29:16,User,How are you?
2025-02-05 18:29:16,Robot,Done with the set.
2025-02-05 18:29:17,Robot,Take a rest for 40 seconds.
2025-02-05 18:29:18,Robot,
2025-02-05 18:30:29,User,Mm
2025-02-05 18:30:31,Robot,
2025-02-05 18:31:16,User,the
2025-02-05 18:31:16,Robot,Done with the set.
2025-02-05 18:31:17,Robot,Take a rest for 40 seconds.
2025-02-05 18:31:18,Robot,
2025-02-05 18:31:27,User,I.
2025-02-05 18:31:27,Robot,
2025-02-05 18:31:47,User,OK.
2025-02-05 18:31:47,Robot,
2025-02-05 18:39:06,User,So session
2025-02-05 18:39:08,Robot,
2025-02-05 18:39:12,User,Oh
2025-02-05 18:39:12,Robot,Done with the set.
2025-02-05 18:39:13,Robot,Take a rest for 40 seconds.
2025-02-05 18:39:15,Robot,
2025-02-05 18:39:20,User,rest for 40 seconds.
2025-02-05 18:39:20,Robot,
2025-02-05 18:39:38,User,we
2025-02-05 18:39:38,Robot,
2025-02-05 18:40:00,User,How are you?
2025-02-05 18:40:01,Robot,
2025-02-05 18:40:11,User,to
2025-02-05 18:40:11,Robot,Done with the set.
2025-02-05 18:40:12,Robot,Take a rest for 40 seconds.
2025-02-05 18:40:13,Robot,
2025-02-05 18:40:18,User,for 40 seconds.
2025-02-05 18:40:18,Robot,
2025-02-05 18:40:21,User,I
2025-02-05 18:40:21,Robot,
2025-02-05 18:40:24,User,The
2025-02-05 18:40:24,Robot,
2025-02-05 18:44:29,User,So session
2025-02-05 18:44:31,Robot,
2025-02-05 18:44:50,User,How are you?
2025-02-05 18:44:50,Robot,Done with the set.
2025-02-05 18:44:51,Robot,Take a rest for 40 seconds.
2025-02-05 18:44:52,Robot,
2025-02-05 18:44:57,User,rest for 40 seconds.
2025-02-05 18:44:57,Robot,
2025-02-05 18:47:47,User,No
2025-02-05 18:47:48,Robot,
2025-02-05 18:47:54,User,Yeah
2025-02-05 18:47:55,Robot,
2025-02-05 18:48:27,User,I
2025-02-05 18:48:27,Robot,Done with the set.
2025-02-05 18:48:28,Robot,Take a rest for 40 seconds.
2025-02-05 18:48:29,Robot,
2025-02-05 18:49:20,User,social session.
2025-02-05 18:49:21,Robot,
2025-02-05 18:49:32,User,How are you?
2025-02-05 18:49:32,Robot,Done with the set.
2025-02-05 18:49:33,Robot,Take a rest for 40 seconds.
2025-02-05 18:49:34,Robot,
2025-02-05 18:49:39,User,Rest for 40 seconds.
2025-02-05 18:49:39,Robot,
2025-02-05 18:52:10,User,Which
2025-02-05 18:52:11,Robot,
2025-02-05 18:53:53,User,And
2025-02-05 18:53:53,Robot,Done with the set.
2025-02-05 18:53:54,Robot,Take a rest for 40 seconds.
2025-02-05 18:53:55,Robot,
2025-02-05 18:54:37,User,So question
2025-02-05 18:54:38,Robot,
2025-02-05 18:55:28,User,Social session.
2025-02-05 18:55:29,Robot,
2025-02-05 18:55:48,User,How are you?
2025-02-05 18:55:48,Robot,Done with the set.
2025-02-05 18:55:49,Robot,Take a rest for 40 seconds.
2025-02-05 18:55:50,Robot,
2025-02-05 18:55:55,User,0.
2025-02-05 18:55:55,Robot,
2025-02-05 18:56:37,User,You
2025-02-05 18:56:38,Robot,
2025-02-05 18:57:17,User,the
2025-02-05 18:57:17,Robot,Done with the set.
2025-02-05 18:57:18,Robot,Take a rest for 40 seconds.
2025-02-05 18:57:19,Robot,
2025-02-05 18:57:58,User,Thank
2025-02-05 18:57:58,Robot,
2025-02-05 18:58:21,User,Social sessions.
2025-02-05 18:58:22,Robot,
2025-02-05 18:58:29,User,Hm
2025-02-05 18:58:29,Robot,Done with the set.
2025-02-05 18:58:30,Robot,Take a rest for 40 seconds.
2025-02-05 18:58:31,Robot,
2025-02-05 18:58:35,User,Hi Pepper.
2025-02-05 18:58:35,Robot,
2025-02-05 18:58:50,User,that
2025-02-05 18:58:50,Robot,
2025-02-05 18:59:58,User,Social session
2025-02-05 18:59:59,Robot,
2025-02-05 19:00:13,User,How are you?
2025-02-05 19:00:13,Robot,Done with the set.
2025-02-05 19:00:14,Robot,Take a rest for 40 seconds.
2025-02-05 19:00:16,Robot,
2025-02-05 19:00:21,User,for 40 seconds.
2025-02-05 19:00:21,Robot,
2025-02-05 19:00:35,User,So
2025-02-05 19:00:35,Robot,
2025-02-05 19:00:41,User,the
2025-02-05 19:00:41,Robot,
2025-02-05 19:01:01,User,Oh
2025-02-05 19:01:03,Robot,
2025-02-05 19:03:47,User,session
2025-02-05 19:03:48,Robot,
2025-02-12 14:18:39,User,Good. How are you?
2025-02-12 14:18:39,Robot,Done with the set.
2025-02-12 14:18:40,Robot,Take a rest for 40 seconds.
2025-02-12 14:18:42,Robot,I'm good! Do you have any fun plans for today?
2025-02-12 14:18:42,Robot,I'm good! Do you have any fun plans for today?
2025-02-12 14:19:24,User,Bye.
2025-02-12 14:19:25,Robot,Thank you for exercising with me.
2025-02-12 14:22:04,User,How are you?
2025-02-12 14:22:04,Robot,Done with the set.
2025-02-12 14:22:05,Robot,Take a rest for 40 seconds.
2025-02-12 14:22:07,Robot,I'm good! How about you? Any fun plans today?
2025-02-12 14:22:07,Robot,I'm good! How about you? Any fun plans today?
2025-02-12 14:22:39,User,Not really.
2025-02-12 14:22:40,Robot,That's okay. Do you enjoy reading or watching TV shows?
2025-02-12 14:22:40,Robot,That's okay. Do you enjoy reading or watching TV shows?
2025-02-12 14:22:49,User,Bye.
2025-02-12 14:22:50,Robot,Thank you for exercising with me.
2025-02-12 14:26:09,User,Bye.
2025-02-12 14:26:55,User,Bye.
2025-02-12 15:10:19,User,How are you today?
2025-02-12 15:10:19,Robot,Done with the set.
2025-02-12 15:10:21,Robot,Take a rest for 40 seconds.
2025-02-12 15:10:22,Robot,I'm doing great! How about you?
2025-02-12 15:10:22,Robot,I'm doing great! How about you?
2025-02-12 15:10:29,User,Bye.
2025-02-12 15:10:30,Robot,Thank you for exercising with me.
2025-02-12 15:11:55,User,Bye.
2025-02-12 15:13:07,User,How are you today?
2025-02-12 15:13:07,Robot,Done with the set.
2025-02-12 15:13:08,Robot,Take a rest for 40 seconds.
2025-02-12 15:13:10,Robot,"I'm doing great, thanks! How about you?"
2025-02-12 15:13:10,Robot,"I'm doing great, thanks! How about you?"
2025-02-12 15:13:21,User,Bye.
2025-02-12 15:13:22,Robot,Thank you for exercising with me.
2025-02-12 15:14:49,User,How are you today?
2025-02-12 15:14:49,Robot,Done with the set.
2025-02-12 15:14:50,Robot,Take a rest for 40 seconds.
2025-02-12 15:14:52,Robot,"I'm doing great, thanks! How about you? Any fun plans for the day?"
2025-02-12 15:14:52,Robot,"I'm doing great, thanks! How about you? Any fun plans for the day?"
2025-02-12 15:14:59,User,Bye.
2025-02-12 15:15:00,Robot,Thank you for exercising with me.
2025-02-12 15:16:38,User,How are you today?
2025-02-12 15:16:38,Robot,Done with the set.
2025-02-12 15:16:39,Robot,Take a rest for 40 seconds.
2025-02-12 15:16:41,Robot,I'm doing great! How about you? Anything exciting planned for today?
2025-02-12 15:16:41,Robot,I'm doing great! How about you? Anything exciting planned for today?
2025-02-12 15:16:46,User,Bye.
2025-02-12 15:16:47,Robot,Thank you for exercising with me.
2025-02-12 15:31:40,User,How are you today?
2025-02-12 15:31:40,Robot,Done with the set.
2025-02-12 15:31:41,Robot,Take a rest for 40 seconds.
2025-02-12 15:31:44,Robot,"I'm good, thanks! How about you? Anything fun planned for today?"
2025-02-12 15:31:44,Robot,"I'm good, thanks! How about you? Anything fun planned for today?"
2025-02-12 15:32:10,User,Nothing much.
2025-02-12 15:32:10,Robot,Got any favorite TV shows you're watching lately?
2025-02-12 15:32:10,Robot,Got any favorite TV shows you're watching lately?
2025-02-12 15:32:25,User,Bye.
2025-02-12 15:32:26,Robot,Thank you for exercising with me.
2025-02-12 15:47:24,User,I
2025-02-12 15:47:24,Robot,Done with the set.
2025-02-12 15:47:25,Robot,Take a rest for 40 seconds.
2025-02-12 15:47:27,Robot,Anything fun planned for the day?
2025-02-12 15:47:27,Robot,Anything fun planned for the day?
2025-02-12 15:55:39,User,done
2025-02-12 15:55:39,Robot,Done with the set.
2025-02-12 15:55:40,Robot,Take a rest for 40 seconds.
2025-02-12 15:55:42,Robot,Do you have any fun plans for today?
2025-02-12 15:55:42,Robot,Do you have any fun plans for today?
2025-02-12 16:23:45,User,low pepper.
2025-02-12 16:23:45,Robot,Done with the set.
2025-02-12 16:23:46,Robot,Take a rest for 40 seconds.
2025-02-12 16:23:49,Robot,Do you have any fun plans for the day?
2025-02-12 16:23:49,Robot,Do you have any fun plans for the day?
2025-02-12 16:30:59,User,Finish.
2025-02-12 16:30:59,Robot,Done with the set.
2025-02-12 16:31:01,Robot,Take a rest for 40 seconds.
2025-02-12 16:31:03,Robot,Got any fun plans for the day?
2025-02-12 16:31:03,Robot,Got any fun plans for the day?
2025-02-12 16:40:59,User,Have her
2025-02-12 16:40:59,Robot,Done with the set.
2025-02-12 16:41:00,Robot,Take a rest for 40 seconds.
2025-02-12 16:41:02,Robot,Do you have any fun plans for today?
2025-02-12 16:41:02,Robot,Do you have any fun plans for today?
2025-02-12 16:54:29,User,Hello
2025-02-12 16:54:29,Robot,Done with the set.
2025-02-12 16:54:30,Robot,Take a rest for 40 seconds.
2025-02-12 16:54:32,Robot,Hey! Do you have anything fun planned for today?
2025-02-12 16:54:32,Robot,Hey! Do you have anything fun planned for today?
2025-02-12 17:05:40,User,er
2025-02-12 17:05:40,Robot,Done with the set.
2025-02-12 17:05:41,Robot,Take a rest for 40 seconds.
2025-02-12 17:05:43,Robot,Got anything fun planned for the day after this workout?
2025-02-12 17:05:43,Robot,Got anything fun planned for the day after this workout?
2025-02-12 17:15:46,User,Oh
2025-02-12 17:15:46,Robot,Done with the set.
2025-02-12 17:15:46,Robot,Take a rest for 40 seconds.
2025-02-12 17:15:46,Robot,Got any fun plans for the day?
2025-02-12 17:15:46,Robot,Got any fun plans for the day?
2025-02-12 17:20:57,User,pepper.
2025-02-12 17:20:57,Robot,Done with the set.
2025-02-12 17:20:57,Robot,Take a rest for 40 seconds.
2025-02-12 17:20:58,Robot,Do you have any fun plans for the rest of the day?
2025-02-12 17:20:58,Robot,Do you have any fun plans for the rest of the day?
2025-02-12 17:33:31,User,Oh No pepper
2025-02-12 17:33:31,Robot,Done with the set.
2025-02-12 17:33:31,Robot,Take a rest for 40 seconds.
2025-02-12 17:33:32,Robot,Do you have any fun plans for later today?
2025-02-12 17:33:32,Robot,Do you have any fun plans for later today?
2025-02-19 16:24:02,Robot,Done with the set.
2025-02-19 16:24:03,Robot,Take a rest for 40 seconds.
2025-02-19 16:24:09,User,30 seconds.
2025-02-19 16:24:11,Robot,"Got it! So, any fun plans for today?"
2025-02-19 16:24:11,Robot,"Got it! So, any fun plans for today?"
2025-02-19 16:24:15,User,So
2025-02-19 16:24:16,Robot,Nice! Anything exciting happening?
2025-02-19 16:24:16,Robot,Nice! Anything exciting happening?
2025-02-19 16:24:22,User,Exciting happening.
2025-02-19 16:24:23,Robot,Sounds intriguing! Care to share more about it?
2025-02-19 16:24:23,Robot,Sounds intriguing! Care to share more about it?
2025-02-19 16:24:27,User,in
2025-02-19 16:24:28,Robot,Got it! Do you have any favorite hobbies?
2025-02-19 16:24:28,Robot,Got it! Do you have any favorite hobbies?
2025-02-19 16:24:32,User,it
2025-02-19 16:24:32,Robot,Interesting! Do you like reading or watching TV shows more?
2025-02-19 16:24:32,Robot,Interesting! Do you like reading or watching TV shows more?
2025-02-19 16:24:38,User,Interesting
2025-02-19 16:24:38,Robot,What's the most interesting place you've ever visited?
2025-02-19 16:24:38,Robot,What's the most interesting place you've ever visited?
2025-02-19 16:24:45,User,the most interesting place you've ever visited.
2025-02-19 16:24:47,Robot,"Alright! Let's get those curls in. How about you, any favorite travel spots?"
2025-02-19 16:24:47,Robot,"Alright! Let's get those curls in. How about you, any favorite travel spots?"
2025-02-19 16:24:55,Robot,Done with the set.
2025-02-19 16:24:56,Robot,Take a rest for 40 seconds.
2025-02-19 16:25:02,User,So
2025-02-19 16:25:03,Robot,Do you have any favorite music artists or bands?
2025-02-19 16:25:03,Robot,Do you have any favorite music artists or bands?
2025-02-19 16:25:12,User,So basically it's Taking in the
2025-02-19 16:25:13,Robot,"Taking in the... sights, sounds, or something else?"
2025-02-19 16:25:13,Robot,"Taking in the... sights, sounds, or something else?"
2025-02-19 16:25:18,User,"Like, as its own feedback."
2025-02-19 16:25:19,Robot,Interesting perspective! Do you enjoy any particular activities to relax?
2025-02-19 16:25:19,Robot,Interesting perspective! Do you enjoy any particular activities to relax?
2025-02-19 16:25:23,User,to respond.
2025-02-19 16:25:24,Robot,"Got it! Speaking of responses, do you have a favorite sports team?"
2025-02-19 16:25:24,Robot,"Got it! Speaking of responses, do you have a favorite sports team?"
2025-02-19 16:25:28,User,go away
2025-02-19 16:25:29,Robot,"No problem, I'll give you some space!"
2025-02-19 16:25:29,Robot,"No problem, I'll give you some space!"
2025-02-19 16:25:57,User,to you
2025-02-19 16:25:58,Robot,Great choice! Do you have a favorite workout?
2025-02-19 16:25:58,Robot,Great choice! Do you have a favorite workout?
2025-02-19 16:26:26,Robot,Done with the set.
2025-02-19 16:26:27,Robot,Take a rest for 40 seconds.
2025-02-19 16:41:57,Robot,Done with the set.
2025-02-19 16:41:58,Robot,Take a rest for 40 seconds.
2025-02-19 16:42:06,Robot,Done with the set.
2025-02-19 16:42:07,Robot,Take a rest for 40 seconds.
2025-02-19 16:42:15,Robot,Done with the set.
2025-02-19 16:42:16,Robot,Take a rest for 40 seconds.
2025-02-19 16:42:24,Robot,Done with the set.
2025-02-19 16:42:25,Robot,Great job completing this round!
2025-02-19 16:44:00,User,So
2025-02-19 16:44:02,Robot,Got any fun plans for today?
2025-02-19 16:44:02,Robot,Got any fun plans for today?
2025-02-19 16:44:23,Robot,Done with the set.
2025-02-19 16:44:24,Robot,Take a rest for 40 seconds.
2025-02-19 16:45:26,Robot,Done with the set.
2025-02-19 16:45:27,Robot,Take a rest for 40 seconds.
2025-02-19 16:46:29,Robot,Done with the set.
2025-02-19 16:46:30,Robot,Take a rest for 40 seconds.
2025-02-19 16:46:38,User,Hello
2025-02-19 16:46:40,Robot,Hey there! Enjoying the workout so far?
2025-02-19 16:46:40,Robot,Hey there! Enjoying the workout so far?
2025-02-19 16:46:43,User,So
2025-02-19 16:46:43,Robot,Do you have any hobbies you enjoy?
2025-02-19 16:46:43,Robot,Do you have any hobbies you enjoy?
2025-02-19 16:46:47,User,How
2025-02-19 16:46:48,Robot,How's your day going so far?
2025-02-19 16:46:48,Robot,How's your day going so far?
2025-02-19 16:46:53,User,I fine
2025-02-19 16:46:54,Robot,That's great to hear! Do you have any pets?
2025-02-19 16:46:54,Robot,That's great to hear! Do you have any pets?
2025-02-19 16:47:00,User,That's great to hear. pets
2025-02-19 16:47:01,Robot,Do you prefer cats or dogs?
2025-02-19 16:47:01,Robot,Do you prefer cats or dogs?
2025-02-19 16:47:05,User,Can
2025-02-19 16:47:06,Robot,Can you tell me about your favorite place you've visited?
2025-02-19 16:47:06,Robot,Can you tell me about your favorite place you've visited?
2025-02-19 16:47:25,User,and everything
2025-02-19 16:47:26,Robot,Ready to tackle another set?
2025-02-19 16:47:26,Robot,Ready to tackle another set?
2025-02-19 16:47:31,User,ready to
2025-02-19 16:47:32,Robot,Awesome! Do you enjoy any fun activities in your free time?
2025-02-19 16:47:32,Robot,Awesome! Do you enjoy any fun activities in your free time?
2025-02-19 16:47:38,User,time
2025-02-19 16:47:38,Robot,Done with the set.
2025-02-19 16:47:39,Robot,Great job completing this round!
2025-02-19 16:52:25,User,session
2025-02-19 16:52:27,Robot,Great! Do you have any fun plans for today after our workout?
2025-02-19 16:52:27,Robot,Great! Do you have any fun plans for today after our workout?
2025-02-19 16:52:32,User,You
2025-02-19 16:52:32,Robot,Done with the set.
2025-02-19 16:52:33,Robot,Take a rest for 40 seconds.
2025-02-19 16:52:34,Robot,I'm planning to relax and maybe catch up on a show. How about you?
2025-02-19 16:52:34,Robot,I'm planning to relax and maybe catch up on a show. How about you?
2025-02-19 16:52:39,User,Just
2025-02-19 16:52:39,Robot,Sounds nice! Do you enjoy any TV shows lately?
2025-02-19 16:52:39,Robot,Sounds nice! Do you enjoy any TV shows lately?
2025-02-19 16:52:43,User,So maybe
2025-02-19 16:52:43,Robot,Cool! Do you have a favorite show you're into right now?
2025-02-19 16:52:43,Robot,Cool! Do you have a favorite show you're into right now?
2025-02-19 16:52:47,User,So
2025-02-19 16:52:47,Robot,How about any good books? Read anything interesting recently?
2025-02-19 16:52:47,Robot,How about any good books? Read anything interesting recently?
2025-02-19 16:53:06,User,I did not read any book
2025-02-19 16:53:07,Robot,No worries! Do you have a favorite type of music you like to listen to?
2025-02-19 16:53:07,Robot,No worries! Do you have a favorite type of music you like to listen to?
2025-02-19 16:53:20,User,for me
2025-02-19 16:53:21,Robot,Sounds good! Any favorite artists or bands you enjoy?
2025-02-19 16:53:21,Robot,Sounds good! Any favorite artists or bands you enjoy?
2025-02-19 16:53:42,Robot,Done with the set.
2025-02-19 16:53:43,Robot,Take a rest for 40 seconds.
2025-02-19 16:54:09,User,What was your question again?
2025-02-19 16:54:09,Robot,I was asking if you have any favorite artists or bands you enjoy listening to?
2025-02-19 16:54:09,Robot,I was asking if you have any favorite artists or bands you enjoy listening to?
2025-02-19 16:54:16,User,It
2025-02-19 16:54:17,Robot,Got it! Do you have a favorite song right now?
2025-02-19 16:54:17,Robot,Got it! Do you have a favorite song right now?
2025-02-19 16:54:22,User,So You
2025-02-19 16:54:23,Robot,Nice choice! Do you enjoy any specific genre of music?
2025-02-19 16:54:23,Robot,Nice choice! Do you enjoy any specific genre of music?
2025-02-19 16:54:29,User,So it's just a.
2025-02-19 16:54:31,Robot,Great! Do you have a favorite place you've visited?
2025-02-19 16:54:31,Robot,Great! Do you have a favorite place you've visited?
2025-02-19 16:54:52,Robot,Done with the set.
2025-02-19 16:54:53,Robot,Take a rest for 40 seconds.
2025-02-19 16:55:55,Robot,Done with the set.
2025-02-19 16:55:56,Robot,Great job completing this round!
2025-02-19 17:00:22,User,I
2025-02-19 17:00:22,Robot,Done with the set.
2025-02-19 17:00:23,Robot,Take a rest for 40 seconds.
2025-02-19 17:00:25,Robot,Got any fun plans for today?
2025-02-19 17:00:25,Robot,Got any fun plans for today?
2025-02-19 17:00:28,User,So
2025-02-19 17:00:28,Robot,"Alright, let's get ready for the next set!"
2025-02-19 17:00:28,Robot,"Alright, let's get ready for the next set!"
2025-02-19 17:00:34,User,All right. Let's get ready.
2025-02-19 17:00:35,Robot,Awesome! How's your family doing?
2025-02-19 17:00:35,Robot,Awesome! How's your family doing?
2025-02-19 17:01:36,Robot,Done with the set.
2025-02-19 17:01:37,Robot,Take a rest for 40 seconds.
2025-02-19 17:02:18,User,"Hello, Pepper. Hello Pepper."
2025-02-19 17:02:19,Robot,Hey there! Read any good books lately?
2025-02-19 17:02:19,Robot,Hey there! Read any good books lately?
2025-02-19 17:27:40,User,session
2025-02-19 17:27:42,Robot,Great! Let's get started. Do you have any fun plans for today after our workout?
2025-02-19 17:27:42,Robot,Great! Let's get started. Do you have any fun plans for today after our workout?
2025-02-19 17:27:48,User,Let's get started. they
2025-02-19 17:27:50,Robot,Awesome! Do you have any favorite exercises you enjoy doing?
2025-02-19 17:27:50,Robot,Awesome! Do you have any favorite exercises you enjoy doing?
2025-02-19 17:27:57,User,exercises you enjoy.
2025-02-19 17:27:57,Robot,Done with the set.
2025-02-19 17:27:58,Robot,Take a rest for 40 seconds.
2025-02-19 17:28:00,Robot,Nice job! Do you have any pets at home?
2025-02-19 17:28:00,Robot,Nice job! Do you have any pets at home?
2025-02-19 17:29:02,Robot,Done with the set.
2025-02-19 17:29:03,Robot,Take a rest for 40 seconds.
2025-02-19 17:29:18,User,Hello Pepper
2025-02-19 17:29:18,Robot,Hi there! Do you like to read? Any good books lately?
2025-02-19 17:29:18,Robot,Hi there! Do you like to read? Any good books lately?
2025-02-19 17:29:22,User,Yeah.
2025-02-19 17:29:23,Robot,That's great! What's the title of the book you enjoyed most recently?
2025-02-19 17:29:23,Robot,That's great! What's the title of the book you enjoyed most recently?
2025-02-19 17:29:37,User,is
2025-02-19 17:29:37,Robot,Nice! Do you have a favorite genre or author?
2025-02-19 17:29:37,Robot,Nice! Do you have a favorite genre or author?
2025-02-19 17:29:41,User,Nice. You have a
2025-02-19 17:29:42,Robot,Thank you! Do you have any favorite TV shows you're currently watching?
2025-02-19 17:29:42,Robot,Thank you! Do you have any favorite TV shows you're currently watching?
2025-02-19 17:29:46,User,Yeah
2025-02-19 17:29:47,Robot,Awesome! What's the name of the show you’re into right now?
2025-02-19 17:29:47,Robot,Awesome! What's the name of the show you’re into right now?
2025-02-19 17:30:09,Robot,Done with the set.
2025-02-19 17:30:10,Robot,Take a rest for 40 seconds.
2025-02-19 17:31:13,Robot,Done with the set.
2025-02-19 17:31:14,Robot,Great job completing this round!
2025-02-19 17:35:51,User,of
2025-02-19 17:35:53,Robot,Great choice! Do you have any fun plans for today after our workout?
2025-02-19 17:35:53,Robot,Great choice! Do you have any fun plans for today after our workout?
2025-02-19 17:35:59,User,Do you have any fun?
2025-02-19 17:36:01,Robot,I find helping people fun! How about you? Do you have any hobbies you enjoy?
2025-02-19 17:36:01,Robot,I find helping people fun! How about you? Do you have any hobbies you enjoy?
2025-02-19 17:36:05,User,no
2025-02-19 17:36:07,Robot,That's okay! Maybe we can find a fun hobby together. Do you like music or TV shows?
2025-02-19 17:36:07,Robot,That's okay! Maybe we can find a fun hobby together. Do you like music or TV shows?
2025-02-19 17:36:07,Robot,Done with the set.
2025-02-19 17:36:08,Robot,Take a rest for 40 seconds.
2025-02-19 17:36:17,User,together to write music or TV shows.
2025-02-19 17:36:18,Robot,"Writing music sounds fun! Do you play any instruments, or have a favorite music genre?"
2025-02-19 17:36:18,Robot,"Writing music sounds fun! Do you play any instruments, or have a favorite music genre?"
2025-02-19 17:36:23,User,40 Right
2025-02-19 17:36:24,Robot,Awesome! Do you have a favorite band or artist you listen to while working out?
2025-02-19 17:36:24,Robot,Awesome! Do you have a favorite band or artist you listen to while working out?
2025-02-19 17:36:35,Robot,Awesome! Do you have a favorite band or artist you listen to while working out?
2025-02-19 17:36:35,Robot,Awesome! Do you have a favorite band or artist you listen to while working out?
2025-02-19 17:36:46,Robot,Awesome! Do you have a favorite band or artist you listen to while working out?
2025-02-19 17:36:46,Robot,Awesome! Do you have a favorite band or artist you listen to while working out?
2025-02-19 17:36:57,Robot,Let's go! Do you prefer working out alone or with a buddy?
2025-02-19 17:36:57,Robot,Let's go! Do you prefer working out alone or with a buddy?
2025-02-19 17:37:10,Robot,Let's get moving! Do you prefer working out to music or in silence?
2025-02-19 17:37:10,Robot,Let's get moving! Do you prefer working out to music or in silence?
2025-02-19 17:37:21,Robot,Done with the set.
2025-02-19 17:37:22,Robot,Take a rest for 40 seconds.
2025-02-19 17:37:23,Robot,Great job! Do you have a favorite place you've visited?
2025-02-19 17:37:23,Robot,Great job! Do you have a favorite place you've visited?
2025-02-19 17:37:35,Robot,Nice work! Do you have a favorite place you've traveled to?
2025-02-19 17:37:35,Robot,Nice work! Do you have a favorite place you've traveled to?
2025-02-19 17:37:45,Robot,Great job! Do you have a favorite place you've visited?
2025-02-19 17:37:45,Robot,Great job! Do you have a favorite place you've visited?
2025-02-19 17:37:56,Robot,Nice work! Do you have a favorite place you've traveled to?
2025-02-19 17:37:56,Robot,Nice work! Do you have a favorite place you've traveled to?
2025-02-19 17:38:08,Robot,Let's do it! Do you enjoy any outdoor activities?
2025-02-19 17:38:08,Robot,Let's do it! Do you enjoy any outdoor activities?
2025-02-19 17:38:21,Robot,Let's go! Do you enjoy any outdoor activities?
2025-02-19 17:38:21,Robot,Let's go! Do you enjoy any outdoor activities?
2025-02-19 17:38:32,Robot,Done with the set.
2025-02-19 17:38:33,Robot,Take a rest for 40 seconds.
2025-02-19 17:38:34,Robot,Great work! Do you have any pets at home?
2025-02-19 17:38:34,Robot,Great work! Do you have any pets at home?
2025-02-19 17:38:45,Robot,Nice job! Do you have any pets at home?
2025-02-19 17:38:45,Robot,Nice job! Do you have any pets at home?
2025-02-19 17:38:56,Robot,Great job! Do you have any pets at home?
2025-02-19 17:38:56,Robot,Great job! Do you have any pets at home?
2025-02-19 17:39:07,Robot,Nice job! Do you have any pets at home?
2025-02-19 17:39:07,Robot,Nice job! Do you have any pets at home?
2025-02-19 17:39:18,Robot,Let's get started! Do you prefer cats or dogs?
2025-02-19 17:39:18,Robot,Let's get started! Do you prefer cats or dogs?
2025-02-19 17:39:31,Robot,Let's get started! Do you prefer cats or dogs?
2025-02-19 17:39:31,Robot,Let's get started! Do you prefer cats or dogs?
2025-02-19 17:40:17,User,So session. Let's do some curls.
2025-02-19 17:40:19,Robot,Sounds great! How many sets are we aiming for today?
2025-02-19 17:40:19,Robot,Sounds great! How many sets are we aiming for today?
2025-02-19 17:40:26,User,How many sets are we aiming for today.
2025-02-19 17:40:27,Robot,Let's aim for 3 sets of 10 reps each. Sound good?
2025-02-19 17:40:27,Robot,Let's aim for 3 sets of 10 reps each. Sound good?
2025-02-19 17:40:35,User,The 3 cents of 10 g each.
2025-02-19 17:40:35,Robot,Done with the set.
2025-02-19 17:40:36,Robot,Take a rest for 40 seconds.
2025-02-19 17:40:38,Robot,Great job! Do you have any fun plans for the rest of the day?
2025-02-19 17:40:38,Robot,Great job! Do you have any fun plans for the rest of the day?
2025-02-19 17:40:42,User,30
2025-02-19 17:40:43,Robot,"Nice! Keeping busy, I see. Any hobbies you enjoy in your spare time?"
2025-02-19 17:40:43,Robot,"Nice! Keeping busy, I see. Any hobbies you enjoy in your spare time?"
2025-02-19 17:40:47,User,arrest.
2025-02-19 17:40:47,Robot,Got it! What's your favorite way to relax?
2025-02-19 17:40:47,Robot,Got it! What's your favorite way to relax?
2025-02-19 17:53:32,User,session.
2025-02-19 17:53:35,Robot,Sounds good! Do you have any fun plans for today?
2025-02-19 17:53:35,Robot,Sounds good! Do you have any fun plans for today?
2025-02-19 17:53:39,User,You have
2025-02-19 17:53:41,Robot,I'm here to chat with you! What about you? Anything exciting planned?
2025-02-19 17:53:41,Robot,I'm here to chat with you! What about you? Anything exciting planned?
2025-02-19 17:54:02,Robot,Done with the set.
2025-02-19 17:54:03,Robot,Take a rest for 40 seconds.
2025-02-19 17:54:04,Robot,How about your family? Are you close with them?
2025-02-19 17:54:04,Robot,How about your family? Are you close with them?
2025-02-19 18:05:23,User,Uh
2025-02-19 18:05:25,Robot,"Don't worry, they're great for building strength! Do you enjoy working out?"
2025-02-19 18:05:25,Robot,"Don't worry, they're great for building strength! Do you enjoy working out?"
2025-02-19 18:05:54,User,session let's do some drills.
2025-02-19 18:05:56,Robot,Sure thing! What kind of drills do you have in mind?
2025-02-19 18:05:56,Robot,Sure thing! What kind of drills do you have in mind?
2025-02-19 18:06:12,User,Hello
2025-02-19 18:06:12,Robot,Done with the set.
2025-02-19 18:06:13,Robot,Take a rest for 40 seconds.
2025-02-19 18:06:15,Robot,Hi there! How's your day going so far?
2025-02-19 18:06:15,Robot,Hi there! How's your day going so far?
2025-02-19 18:06:20,User,40 seconds.
2025-02-19 18:06:20,Robot,Great! Ready for the next set?
2025-02-19 18:06:20,Robot,Great! Ready for the next set?
2025-02-19 18:06:25,User,Great.
2025-02-19 18:06:26,Robot,Awesome! Got any fun plans after our workout?
2025-02-19 18:06:26,Robot,Awesome! Got any fun plans after our workout?
2025-02-19 18:06:36,User,"Yeah, I"
2025-02-19 18:06:37,Robot,Sounds exciting! What are you planning to do?
2025-02-19 18:06:37,Robot,Sounds exciting! What are you planning to do?
2025-02-19 18:06:45,User,Right
2025-02-19 18:06:46,Robot,Cool! Do you like to listen to music while working out?
2025-02-19 18:06:46,Robot,Cool! Do you like to listen to music while working out?
2025-02-19 18:19:02,User,session
2025-02-19 18:19:04,Robot,How's your day going so far? Any fun plans?
2025-02-19 18:19:04,Robot,How's your day going so far? Any fun plans?
2025-02-19 18:19:09,User,So
2025-02-19 18:19:11,Robot,Have any hobbies you enjoy during your downtime?
2025-02-19 18:19:11,Robot,Have any hobbies you enjoy during your downtime?
2025-02-19 18:19:17,User,enjoy.
2025-02-19 18:19:18,Robot,That's great! What's one hobby you love the most?
2025-02-19 18:19:18,Robot,That's great! What's one hobby you love the most?
2025-02-19 18:19:18,Robot,Done with the set.
2025-02-19 18:19:19,Robot,Take a rest for 40 seconds.
2025-02-19 18:26:19,User,today.
2025-02-19 18:26:21,Robot,Great! Anything fun planned for today after our workout?
2025-02-19 18:26:21,Robot,Great! Anything fun planned for today after our workout?
2025-02-19 18:26:33,User,I can to
2025-02-19 18:26:33,Robot,Done with the set.
2025-02-19 18:26:34,Robot,Take a rest for 40 seconds.
2025-02-19 18:26:36,Robot,Do you have any hobbies you enjoy during your downtime?
2025-02-19 18:26:36,Robot,Do you have any hobbies you enjoy during your downtime?
2025-02-19 18:26:42,User,I
2025-02-19 18:26:43,Robot,Cool! What's your favorite hobby to relax with?
2025-02-19 18:26:43,Robot,Cool! What's your favorite hobby to relax with?
2025-02-19 18:26:49,User,That's your. to relax
2025-02-19 18:26:50,Robot,"Ah, got it! Do you have a favorite spot to unwind?"
2025-02-19 18:26:50,Robot,"Ah, got it! Do you have a favorite spot to unwind?"
2025-02-19 18:26:54,User,I
2025-02-19 18:26:55,Robot,Gotcha! Do you have any pets to keep you company?
2025-02-19 18:26:55,Robot,Gotcha! Do you have any pets to keep you company?
2025-02-19 18:27:35,Robot,Done with the set.
2025-02-19 18:27:36,Robot,Take a rest for 40 seconds.
2025-02-19 18:31:53,User,How are you today?
2025-02-19 18:31:53,Robot,Done with the set.
2025-02-19 18:31:54,Robot,Take a rest for 40 seconds.
2025-02-19 18:31:56,Robot,"I'm doing great, thanks! How about you? Anything fun planned for today?"
2025-02-19 18:31:56,Robot,"I'm doing great, thanks! How about you? Anything fun planned for today?"
2025-02-19 18:32:05,User,a 30 seconds.
2025-02-19 18:32:06,Robot,Got it! Let's keep it moving. Anything fun planned for later?
2025-02-19 18:32:06,Robot,Got it! Let's keep it moving. Anything fun planned for later?
2025-02-19 18:32:11,User,do
2025-02-19 18:32:12,Robot,What's your plan for today? Anything exciting lined up?
2025-02-19 18:32:12,Robot,What's your plan for today? Anything exciting lined up?
2025-02-19 18:32:23,User,it
2025-02-19 18:32:24,Robot,"Alright, let's get back to it! Ready for another set?"
2025-02-19 18:32:24,Robot,"Alright, let's get back to it! Ready for another set?"
2025-02-19 18:32:35,User,for today.
2025-02-19 18:32:36,Robot,Sounds good! Do you have any plans or activities in mind for today?
2025-02-19 18:32:36,Robot,Sounds good! Do you have any plans or activities in mind for today?
2025-02-19 18:32:56,Robot,Done with the set.
2025-02-19 18:32:57,Robot,Take a rest for 40 seconds.
2025-02-19 18:33:07,User,Let's do some pearls.
2025-02-19 18:33:08,Robot,Pearls? Do you mean another exercise or something else?
2025-02-19 18:33:08,Robot,Pearls? Do you mean another exercise or something else?
2025-02-19 18:33:13,User,the
2025-02-19 18:33:14,Robot,Got it! Let's keep the momentum going. What's your favorite exercise?
2025-02-19 18:33:14,Robot,Got it! Let's keep the momentum going. What's your favorite exercise?
2025-02-19 18:33:20,User,paper
2025-02-19 18:33:21,Robot,Do you enjoy reading? Any good books you've read recently?
2025-02-19 18:33:21,Robot,Do you enjoy reading? Any good books you've read recently?
2025-02-19 18:34:20,User,How are you today?
2025-02-19 18:34:20,Robot,Done with the set.
2025-02-19 18:34:21,Robot,Take a rest for 40 seconds.
2025-02-19 18:34:23,Robot,"I'm good, thanks! How are you? Anything fun planned for today?"
2025-02-19 18:34:23,Robot,"I'm good, thanks! How are you? Anything fun planned for today?"
2025-02-19 18:34:32,User,a rest for 40. like
2025-02-19 18:34:32,Robot,Nice! What do you have planned after our workout?
2025-02-19 18:34:32,Robot,Nice! What do you have planned after our workout?
2025-02-26 17:09:25,Robot,Done with the set.
2025-02-26 17:09:26,Robot,Take a rest for 40 seconds.
2025-02-26 17:16:03,Robot,Done with the set.
2025-02-26 17:16:04,Robot,Take a rest for 40 seconds.
2025-02-26 17:24:52,Robot,Done with the set.
2025-02-26 17:24:53,Robot,Take a rest for 40 seconds.
2025-02-26 17:27:07,Robot,Done with the set.
2025-02-26 17:27:08,Robot,Take a rest for 40 seconds.
2025-02-26 17:27:10,Robot,Got any fun plans for today?
2025-02-26 17:27:10,Robot,Got any fun plans for today?
2025-02-26 17:27:17,User,So 3
2025-02-26 17:27:17,Robot,Reading anything good lately?
2025-02-26 17:27:17,Robot,Reading anything good lately?
2025-02-26 17:27:21,User,Just finished
2025-02-26 17:27:21,Robot,Nice! What book did you just finish?
2025-02-26 17:27:21,Robot,Nice! What book did you just finish?
2025-02-26 17:27:24,User,Yes
2025-02-26 17:27:25,Robot,What was the title of the book?
2025-02-26 17:27:25,Robot,What was the title of the book?
2025-02-26 17:27:30,User,And
2025-02-26 17:27:30,Robot,Did you enjoy it?
2025-02-26 17:27:30,Robot,Did you enjoy it?
2025-02-26 17:27:36,User,enjoy
2025-02-26 17:27:37,Robot,Great! What was your favorite part?
2025-02-26 17:27:37,Robot,Great! What was your favorite part?
2025-02-26 17:27:42,User,What was your favorite part.
2025-02-26 17:27:43,Robot,"I don't read books, but I love hearing about them!"
2025-02-26 17:27:43,Robot,"I don't read books, but I love hearing about them!"
2025-02-26 17:27:47,User,read books.
2025-02-26 17:27:48,Robot,Do you have a favorite genre?
2025-02-26 17:27:48,Robot,Do you have a favorite genre?
2025-02-26 17:31:38,User,hear me
2025-02-26 17:31:39,Robot,I'm here! How's your day going?
2025-02-26 17:31:39,Robot,I'm here! How's your day going?
2025-02-26 17:31:46,User,So
2025-02-26 17:31:47,Robot,Anything fun planned for later?
2025-02-26 17:31:47,Robot,Anything fun planned for later?
2025-02-26 17:31:47,Robot,Done with the set.
2025-02-26 17:31:48,Robot,Take a rest for 40 seconds.
2025-02-26 17:31:54,User,with the states
2025-02-26 17:31:55,Robot,"If you could visit any U.S. state, which would it be?"
2025-02-26 17:31:55,Robot,"If you could visit any U.S. state, which would it be?"
2025-02-26 17:32:01,User,US state
2025-02-26 17:32:02,Robot,"California! Beaches, mountains, and great weather. What's yours?"
2025-02-26 17:32:02,Robot,"California! Beaches, mountains, and great weather. What's yours?"
2025-02-26 17:32:44,Robot,Ready for the next set?
2025-02-26 17:32:44,Robot,Ready for the next set?
2025-02-26 17:33:08,Robot,Done with the set.
2025-02-26 17:33:09,Robot,Take a rest for 40 seconds.
2025-02-26 17:33:12,Robot,How are you feeling after that set? Need water?
2025-02-26 17:33:12,Robot,How are you feeling after that set? Need water?
2025-02-26 17:33:54,Robot,Ready to work those shoulders? Let's do it!
2025-02-26 17:33:55,Robot,Ready to work those shoulders? Let's do it!
2025-02-26 17:34:16,Robot,Done with the set.
2025-02-26 17:34:17,Robot,Take a rest for 40 seconds.
2025-02-26 17:34:18,Robot,Great job! Do you enjoy working out regularly?
2025-02-26 17:34:18,Robot,Great job! Do you enjoy working out regularly?
2025-02-26 17:35:12,User,Can we do something else?
2025-02-26 17:35:14,Robot,Sure! How about some jumping jacks?
2025-02-26 17:35:14,Robot,Sure! How about some jumping jacks?
2025-02-26 17:35:17,Robot,Done with the set.
2025-02-26 17:35:18,Robot,Take a rest for 40 seconds.
2025-02-26 17:35:24,User,Take risk.
2025-02-26 17:35:25,Robot,What's the most adventurous thing you've done?
2025-02-26 17:35:25,Robot,What's the most adventurous thing you've done?
2025-02-26 17:35:30,User,It's the most adventurous thing you've done.
2025-02-26 17:35:31,Robot,I once went skydiving! How about you?
2025-02-26 17:35:31,Robot,I once went skydiving! How about you?
2025-02-26 17:35:34,User,this.
2025-02-26 17:35:35,Robot,That's awesome! Trying new workouts can be quite the adventure. What's your favorite exercise?
2025-02-26 17:35:35,Robot,That's awesome! Trying new workouts can be quite the adventure. What's your favorite exercise?
2025-02-26 17:35:56,User,I don't really like exercise. So
2025-02-26 17:35:57,Robot,That's okay! Do you have any hobbies you enjoy outside of exercise?
2025-02-26 17:35:57,Robot,That's okay! Do you have any hobbies you enjoy outside of exercise?
2025-02-26 17:36:00,User,OK
2025-02-26 17:36:02,Robot,Alright! How many reps would you like to do?
2025-02-26 17:36:02,Robot,Alright! How many reps would you like to do?
2025-02-26 17:36:22,User,I'm not really interested.
2025-02-26 17:36:22,Robot,Done with the set.
2025-02-26 17:36:23,Robot,Take a rest for 40 seconds.
2025-02-26 17:36:25,Robot,No worries! Want to chat about something else during the break?
2025-02-26 17:36:25,Robot,No worries! Want to chat about something else during the break?
2025-02-26 17:36:33,User,in China anything else
2025-02-26 17:36:34,Robot,Have you visited China before? What's your favorite thing about it?
2025-02-26 17:36:34,Robot,Have you visited China before? What's your favorite thing about it?
2025-02-26 17:36:39,User,Have you In China
2025-02-26 17:36:39,Robot,"No, I haven't been to China, but I'd love to visit someday. What about you?"
2025-02-26 17:36:39,Robot,"No, I haven't been to China, but I'd love to visit someday. What about you?"
2025-02-26 17:37:44,Robot,Done with the set.
2025-02-26 17:37:45,Robot,Take a rest for 40 seconds.
2025-02-26 17:38:14,User,How can you still hear me?
2025-02-26 17:38:15,Robot,I'm designed to assist with conversations and answer questions. Anything you'd like to know?
2025-02-26 17:38:15,Robot,I'm designed to assist with conversations and answer questions. Anything you'd like to know?
2025-02-26 17:38:19,User,designed to
2025-02-26 17:38:20,Robot,"I'm designed to chat, provide information, and help with various topics. Any specific questions you have?"
2025-02-26 17:38:20,Robot,"I'm designed to chat, provide information, and help with various topics. Any specific questions you have?"
2025-02-26 17:39:23,Robot,Done with the set.
2025-02-26 17:39:24,Robot,Great job completing this round!
2025-02-26 17:44:56,Robot,Done with the set.
2025-02-26 17:44:57,Robot,Take a rest for 40 seconds.
2025-02-26 17:45:09,User,You listen to me?
2025-02-26 17:45:10,Robot,Absolutely! What's on your mind?
2025-02-26 17:45:10,Robot,Absolutely! What's on your mind?
2025-02-26 17:45:15,User,Absolutely what's on your mind.
2025-02-26 17:45:16,Robot,"Haha, just ready for another set! Any fun plans today?"
2025-02-26 17:45:16,Robot,"Haha, just ready for another set! Any fun plans today?"
2025-02-26 17:45:22,User,Just ready for.
2025-02-26 17:45:22,Robot,Nice! Do you have a favorite exercise?
2025-02-26 17:45:22,Robot,Nice! Do you have a favorite exercise?
2025-02-26 17:46:27,Robot,Done with the set.
2025-02-26 17:46:28,Robot,Take a rest for 40 seconds.
2025-02-26 17:48:38,User,Are you listening to me?
2025-02-26 17:48:40,Robot,Absolutely! What's on your mind today?
2025-02-26 17:48:40,Robot,Absolutely! What's on your mind today?
2025-02-26 17:48:53,User,Good How are you?
2025-02-26 17:48:53,Robot,Done with the set.
2025-02-26 17:48:54,Robot,Take a rest for 40 seconds.
2025-02-26 17:48:56,Robot,"I'm doing great, thanks! Any fun plans for today?"
2025-02-26 17:48:56,Robot,"I'm doing great, thanks! Any fun plans for today?"
2025-02-26 17:49:04,User,"doing great, thanks. find"
2025-02-26 17:49:05,Robot,Awesome! Do you have any hobbies you enjoy?
2025-02-26 17:49:05,Robot,Awesome! Do you have any hobbies you enjoy?
2025-02-26 17:49:11,User,who enjoy.
2025-02-26 17:49:11,Robot,I enjoy music and reading. What about you?
2025-02-26 17:49:11,Robot,I enjoy music and reading. What about you?
2025-02-26 17:50:15,Robot,Done with the set.
2025-02-26 17:50:16,Robot,Take a rest for 40 seconds.
2025-02-26 17:59:21,User,You
2025-02-26 17:59:23,Robot,Let's do it! Count to 10 with me. Ready?
2025-02-26 17:59:23,Robot,Let's do it! Count to 10 with me. Ready?
2025-02-26 17:59:35,User,OK.
2025-02-26 17:59:35,Robot,Done with the set.
2025-02-26 17:59:36,Robot,Take a rest for 40 seconds.
2025-02-26 17:59:37,Robot,Got any fun plans for today?
2025-02-26 17:59:37,Robot,Got any fun plans for today?
2025-02-26 17:59:45,User,It's really fun plans for today.
2025-02-26 17:59:45,Robot,That's awesome! What are you up to?
2025-02-26 17:59:45,Robot,That's awesome! What are you up to?
2025-02-26 17:59:51,User,You
2025-02-26 17:59:52,Robot,I'm here to keep you company and help with your workout!
2025-02-26 17:59:52,Robot,I'm here to keep you company and help with your workout!
2025-02-26 18:00:56,Robot,Done with the set.
2025-02-26 18:00:57,Robot,Take a rest for 40 seconds.
2025-02-26 18:15:00,User,He me right
2025-02-26 18:15:02,Robot,"Sure, let's keep going! Do you have any pets?"
2025-02-26 18:15:02,Robot,"Sure, let's keep going! Do you have any pets?"
2025-02-26 18:15:12,User,Don't
2025-02-26 18:15:12,Robot,Done with the set.
2025-02-26 18:15:13,Robot,Take a rest for 40 seconds.
2025-02-26 18:15:15,Robot,Do you like dogs or cats more?
2025-02-26 18:15:15,Robot,Do you like dogs or cats more?
2025-02-26 18:15:23,User,You like dogs or cats more.
2025-02-26 18:15:23,Robot,I like dogs! How about you?
2025-02-26 18:15:23,Robot,I like dogs! How about you?
2025-02-26 18:15:27,User,Right
2025-02-26 18:15:27,Robot,Awesome! Do you have a favorite dog breed?
2025-02-26 18:15:27,Robot,Awesome! Do you have a favorite dog breed?
2025-02-26 18:31:16,User,Can you hear me
2025-02-26 18:31:18,Robot,"Yes, I can! Ready to chat while we exercise?"
2025-02-26 18:31:18,Robot,"Yes, I can! Ready to chat while we exercise?"
2025-02-26 18:31:29,User,first
2025-02-26 18:31:29,Robot,Done with the set.
2025-02-26 18:31:30,Robot,Take a rest for 40 seconds.
2025-02-26 18:31:31,Robot,Do you have any fun plans for later today?
2025-02-26 18:31:31,Robot,Do you have any fun plans for later today?
2025-02-26 18:31:40,User,plan today
2025-02-26 18:31:41,Robot,Relaxing and watching a movie. How about you?
2025-02-26 18:31:41,Robot,Relaxing and watching a movie. How about you?
2025-02-26 18:31:59,User,I don't have any plans
2025-02-26 18:31:59,Robot,Maybe a good book or TV show later?
2025-02-26 18:31:59,Robot,Maybe a good book or TV show later?
2025-02-26 18:32:10,User,going to
2025-02-26 18:32:10,Robot,Sounds like a good plan! What will you watch?
2025-02-26 18:32:10,Robot,Sounds like a good plan! What will you watch?
2025-02-26 18:32:30,User,To do bip tricep curl.
2025-02-26 18:32:31,Robot,Great choice! Let's work those arms.
2025-02-26 18:32:31,Robot,Great choice! Let's work those arms.
2025-02-26 18:32:31,Robot,Done with the set.
2025-02-26 18:32:32,Robot,Take a rest for 40 seconds.
2025-02-26 18:32:39,User,with the sciences.
2025-02-26 18:32:40,Robot,Are you into science fiction shows or movies?
2025-02-26 18:32:40,Robot,Are you into science fiction shows or movies?
2025-02-26 18:32:43,User,you
2025-02-26 18:32:44,Robot,"Yes, I enjoy a good sci-fi movie. Do you have a favorite?"
2025-02-26 18:32:44,Robot,"Yes, I enjoy a good sci-fi movie. Do you have a favorite?"
2025-02-26 18:32:50,User,will be
2025-02-26 18:32:51,Robot,What will you be watching or doing next?
2025-02-26 18:32:51,Robot,What will you be watching or doing next?
2025-02-26 18:33:59,Robot,Done with the set.
2025-02-26 18:34:00,Robot,Take a rest for 40 seconds.
2025-02-26 18:34:21,User,Still hear me
2025-02-26 18:34:21,Robot,I hear you loud and clear! What's next on your mind?
2025-02-26 18:34:21,Robot,I hear you loud and clear! What's next on your mind?
2025-02-26 18:34:32,User,Just trying to test.
2025-02-26 18:34:33,Robot,No worries! Keep those questions coming.
2025-02-26 18:34:33,Robot,No worries! Keep those questions coming.
2025-02-26 18:34:43,User,You are working fine right now.
2025-02-26 18:34:45,Robot,Awesome! Let's keep it up with another set.
2025-02-26 18:34:45,Robot,Awesome! Let's keep it up with another set.
2025-02-26 18:34:58,User,things like you are receiving the right
2025-02-26 18:35:00,Robot,Glad to know things are working! Need help with anything else?
2025-02-26 18:35:00,Robot,Glad to know things are working! Need help with anything else?
2025-02-26 18:35:04,Robot,Done with the set.
2025-02-26 18:35:05,Robot,Great job completing this round!
2025-02-26 18:35:42,User,you're listening to me.
2025-02-26 18:35:43,Robot,Absolutely! Do you have a favorite workout song?
2025-02-26 18:35:43,Robot,Absolutely! Do you have a favorite workout song?
2025-02-26 18:35:45,Robot,Done with the set.
2025-02-26 18:35:46,Robot,Take a rest for 40 seconds.
2025-02-26 18:35:52,User,with the scent.
2025-02-26 18:35:52,Robot,Nice! Do you have a favorite cologne or perfume?
2025-02-26 18:35:52,Robot,Nice! Do you have a favorite cologne or perfume?
2025-02-26 18:35:59,User,You have So Co perfume
2025-02-26 18:36:00,Robot,I haven't tried it. Do you recommend it?
2025-02-26 18:36:00,Robot,I haven't tried it. Do you recommend it?
2025-02-26 18:36:20,User,I don't recommend
2025-02-26 18:36:20,Robot,Got it! Any other scents you prefer?
2025-02-26 18:36:20,Robot,Got it! Any other scents you prefer?
2025-02-26 18:36:30,User,Now you are working fine.
2025-02-26 18:36:31,Robot,Awesome! Do you have any fun plans for later?
2025-02-26 18:36:31,Robot,Awesome! Do you have any fun plans for later?
2025-02-26 18:36:44,User,comment
2025-02-26 18:36:46,Robot,"Sure! How about: ""You're doing great with these curls!"""
2025-02-26 18:36:46,Robot,"Sure! How about: ""You're doing great with these curls!"""
2025-02-26 18:36:51,Robot,Done with the set.
2025-02-26 18:36:52,Robot,Take a rest for 40 seconds.
2025-02-26 18:36:58,User,Take a breast for 40 seconds.
2025-02-26 18:36:59,Robot,"Haha, that's a funny slip! So, do you have a favorite comfort food?"
2025-02-26 18:36:59,Robot,"Haha, that's a funny slip! So, do you have a favorite comfort food?"
2025-02-26 18:41:50,User,Can you hear me
2025-02-26 18:41:52,Robot,"Yes, I can hear you! Ready to chat while we exercise?"
2025-02-26 18:41:52,Robot,"Yes, I can hear you! Ready to chat while we exercise?"
2025-02-26 18:42:08,User,need to fix something.
2025-02-26 18:42:08,Robot,Done with the set.
2025-02-26 18:42:09,Robot,Take a rest for 40 seconds.
2025-02-26 18:42:11,Robot,"While we rest, do you have any fun plans for today?"
2025-02-26 18:42:11,Robot,"While we rest, do you have any fun plans for today?"
2025-02-26 18:42:23,User,To fix your back.
2025-02-26 18:42:24,Robot,Sounds important! Taking care of your back is crucial. Do you do any specific exercises for it?
2025-02-26 18:42:24,Robot,Sounds important! Taking care of your back is crucial. Do you do any specific exercises for it?
2025-02-26 18:42:41,User,I did not
2025-02-26 18:42:42,Robot,No worries! Stretching and strengthening exercises can help. Do you like yoga or pilates?
2025-02-26 18:42:42,Robot,No worries! Stretching and strengthening exercises can help. Do you like yoga or pilates?
2025-02-26 18:43:14,Robot,Done with the set.
2025-02-26 18:43:15,Robot,Take a rest for 40 seconds.
2025-02-26 18:45:51,Robot,Done with the set.
2025-02-26 18:45:52,Robot,Take a rest for 40 seconds.
2025-02-27 15:24:46,User,You can try this.
2025-02-27 15:24:48,Robot,Sure thing! Do you have any fun plans for today after our workout?
2025-02-27 15:24:48,Robot,Sure thing! Do you have any fun plans for today after our workout?
2025-02-27 15:24:52,Robot,Done with the set.
2025-02-27 15:24:53,Robot,Take a rest for 40 seconds.
2025-02-27 15:25:02,User,Rest for 30 seconds.
2025-02-27 15:25:02,Robot,Sounds good! Have you read any good books recently?
2025-02-27 15:25:02,Robot,Sounds good! Have you read any good books recently?
2025-02-27 15:25:11,User,"interrupt me, Pepper"
2025-02-27 15:25:11,Robot,Did you hear any good jokes lately?
2025-02-27 15:25:11,Robot,Did you hear any good jokes lately?
2025-02-27 15:25:30,User,"Did you hear what I just said, Papa?"
2025-02-27 15:25:31,Robot,"Sorry, I missed that. Could you repeat it?"
2025-02-27 15:25:31,Robot,"Sorry, I missed that. Could you repeat it?"
2025-02-27 15:25:48,User,I read a book Yeah
2025-02-27 15:25:49,Robot,Nice! What book did you read?
2025-02-27 15:25:49,Robot,Nice! What book did you read?
2025-02-27 15:25:58,User,Harry Potter
2025-02-27 15:25:58,Robot,Done with the set.
2025-02-27 15:25:59,Robot,Take a rest for 40 seconds.
2025-02-27 15:26:01,Robot,Great choice! Do you have a favorite Harry Potter character?
2025-02-27 15:26:01,Robot,Great choice! Do you have a favorite Harry Potter character?
2025-02-27 15:26:07,User,Great choice.
2025-02-27 15:26:08,Robot,Thanks! Do you have a favorite exercise you enjoy doing?
2025-02-27 15:26:08,Robot,Thanks! Do you have a favorite exercise you enjoy doing?
2025-02-27 15:26:15,User,so
2025-02-27 15:26:15,Robot,What's your favorite place you've visited?
2025-02-27 15:26:15,Robot,What's your favorite place you've visited?
2025-02-27 15:26:26,User,to the
2025-02-27 15:26:27,Robot,"If you could go anywhere in the world, where would it be?"
2025-02-27 15:26:27,Robot,"If you could go anywhere in the world, where would it be?"
2025-02-27 15:26:37,User,"It's actually just accessing the CSC file, right? another So"
2025-02-27 15:26:38,Robot,Do you have any hobbies you enjoy?
2025-02-27 15:26:38,Robot,Do you have any hobbies you enjoy?
2025-02-27 15:27:00,Robot,Done with the set.
2025-02-27 15:27:01,Robot,Take a rest for 40 seconds.
2025-02-27 15:28:02,Robot,Done with the set.
2025-02-27 15:28:03,Robot,Great job completing this round!
2025-02-27 15:32:53,Robot,Done with the set.
2025-02-27 15:32:54,Robot,Take a rest for 40 seconds.
2025-02-27 15:33:45,User,Now it's
2025-02-27 15:33:47,Robot,Time to rest. Any fun plans for today?
2025-02-27 15:33:47,Robot,Time to rest. Any fun plans for today?
2025-02-27 15:34:02,User,Really
2025-02-27 15:34:02,Robot,Done with the set.
2025-02-27 15:34:03,Robot,Take a rest for 40 seconds.
2025-02-27 15:34:05,Robot,Do you have any hobbies you enjoy during your downtime?
2025-02-27 15:34:05,Robot,Do you have any hobbies you enjoy during your downtime?
2025-02-27 15:34:11,User,Please
2025-02-27 15:34:12,Robot,Sure! Do you have any pets?
2025-02-27 15:34:12,Robot,Sure! Do you have any pets?
2025-02-27 15:34:18,User,"Yeah, I have one"
2025-02-27 15:34:19,Robot,That's great! What kind of pet do you have?
2025-02-27 15:34:19,Robot,That's great! What kind of pet do you have?
2025-02-27 15:34:47,User,So should
2025-02-27 15:34:49,Robot,"After this set, I'd love to hear more about your pet!"
2025-02-27 15:34:49,Robot,"After this set, I'd love to hear more about your pet!"
2025-02-27 15:35:00,User,Do you have any pets?
2025-02-27 15:35:02,Robot,"I don't have any pets, but I love animals! Do you prefer dogs or cats?"
2025-02-27 15:35:02,Robot,"I don't have any pets, but I love animals! Do you prefer dogs or cats?"
2025-02-27 15:35:08,Robot,Done with the set.
2025-02-27 15:35:09,Robot,Take a rest for 40 seconds.
2025-02-27 15:35:15,User,Take a rest for 30 seconds.
2025-02-27 15:35:16,Robot,Got it! Quick question: Have you read any good books lately?
2025-02-27 15:35:16,Robot,Got it! Quick question: Have you read any good books lately?
2025-02-27 15:35:28,User,"OK, so basically"
2025-02-27 15:35:29,Robot,I'm all ears! What's next on your mind?
2025-02-27 15:35:29,Robot,I'm all ears! What's next on your mind?
2025-02-27 15:36:10,Robot,Done with the set.
2025-02-27 15:36:11,Robot,Great job completing this round!
2025-02-27 15:44:58,Robot,Done with the set.
2025-02-27 15:44:59,Robot,Take a rest for 40 seconds.
2025-02-27 15:45:08,User,get
2025-02-27 15:45:09,Robot,Great job! Got any fun plans for today?
2025-02-27 15:45:09,Robot,Great job! Got any fun plans for today?
2025-02-27 15:45:20,User,before.
2025-02-27 15:45:21,Robot,Nice! Anything specific you're looking forward to?
2025-02-27 15:45:21,Robot,Nice! Anything specific you're looking forward to?
2025-02-27 15:45:32,User,It's not really consistent in the things that it catches.
2025-02-27 15:45:33,Robot,"I see, that can be frustrating. What's one thing you enjoy doing consistently?"
2025-02-27 15:45:33,Robot,"I see, that can be frustrating. What's one thing you enjoy doing consistently?"
2025-02-27 15:45:47,User,"thinks there's a delay, there's a delay between what it's transcribed and what I'm saying."
2025-02-27 15:45:49,Robot,"Hopefully, the delay doesn't interfere too much. How about some music to keep things upbeat?"
2025-02-27 15:45:49,Robot,"Hopefully, the delay doesn't interfere too much. How about some music to keep things upbeat?"
2025-02-27 15:46:03,User,Can you play some music?
2025-02-27 15:46:05,Robot,"I can't play music, but I can suggest some! What genre do you like?"
2025-02-27 15:46:05,Robot,"I can't play music, but I can suggest some! What genre do you like?"
2025-02-27 15:46:08,Robot,Done with the set.
2025-02-27 15:46:09,Robot,Take a rest for 40 seconds.
2025-02-27 15:46:19,User,rest for here's the part.
2025-02-27 15:46:20,Robot,"Got it! While we rest, any good books you've read lately?"
2025-02-27 15:46:20,Robot,"Got it! While we rest, any good books you've read lately?"
2025-02-27 15:46:29,User,OK
2025-02-27 15:46:30,Robot,Cool! Any favorite genres or authors?
2025-02-27 15:46:30,Robot,Cool! Any favorite genres or authors?
2025-02-27 15:46:38,User,That's the part that
2025-02-27 15:46:38,Robot,No worries! Do you have a favorite place you've visited?
2025-02-27 15:46:38,Robot,No worries! Do you have a favorite place you've visited?
2025-02-27 15:46:47,User,We just have to make the
2025-02-27 15:46:48,Robot,Sounds like a plan! Do you enjoy any hobbies in your free time?
2025-02-27 15:46:48,Robot,Sounds like a plan! Do you enjoy any hobbies in your free time?
2025-02-27 15:47:06,User,Can you change the uh exercise time to 10 seconds.
2025-02-27 15:47:08,Robot,"I can't change the time, but we can keep it short and effective! Ready for those lateral raises?"
2025-02-27 15:47:08,Robot,"I can't change the time, but we can keep it short and effective! Ready for those lateral raises?"
2025-02-27 15:47:11,Robot,Done with the set.
2025-02-27 15:47:12,Robot,Take a rest for 40 seconds.
2025-02-27 15:48:13,Robot,Done with the set.
2025-02-27 15:48:14,Robot,Great job completing this round!
2025-02-27 15:52:08,User,"How are you today, Papa?"
2025-02-27 15:52:08,Robot,Done with the set.
2025-02-27 15:52:09,Robot,Take a rest for 40 seconds.
2025-02-27 15:52:11,Robot,"I'm doing well, thanks! How about you? Anything fun planned for today?"
2025-02-27 15:52:11,Robot,"I'm doing well, thanks! How about you? Anything fun planned for today?"
2025-02-27 15:52:18,User,"well, thanks."
2025-02-27 15:52:19,Robot,Glad to hear that! Do you have any hobbies you enjoy?
2025-02-27 15:52:19,Robot,Glad to hear that! Do you have any hobbies you enjoy?
2025-02-27 15:52:37,User,received a speaking state.
2025-02-27 15:52:37,Robot,Done with the set.
2025-02-27 15:52:38,Robot,Take a rest for 40 seconds.
2025-02-27 15:52:40,Robot,Congrats on the speaking state! Do you enjoy public speaking?
2025-02-27 15:52:40,Robot,Congrats on the speaking state! Do you enjoy public speaking?
2025-02-27 15:52:48,User,is speaking state. years
2025-02-27 15:52:49,Robot,Got it! How long have you been doing public speaking?
2025-02-27 15:52:49,Robot,Got it! How long have you been doing public speaking?
2025-02-27 15:52:59,Robot,Done with the set.
2025-02-27 15:53:00,Robot,Take a rest for 40 seconds.
2025-02-27 15:53:21,Robot,Done with the set.
2025-02-27 15:53:22,Robot,Great job completing this round!
2025-02-27 15:57:39,User,Yes.
2025-02-27 15:57:39,Robot,Done with the set.
2025-02-27 15:57:40,Robot,Take a rest for 40 seconds.
2025-02-27 15:57:42,Robot,Anything fun planned for the day?
2025-02-27 15:57:42,Robot,Anything fun planned for the day?
2025-02-27 15:57:50,User,plan for the day.
2025-02-27 15:57:50,Robot,Nice! What do you have planned?
2025-02-27 15:57:50,Robot,Nice! What do you have planned?
2025-02-27 15:58:02,User,are you today?
2025-02-27 15:58:02,Robot,Done with the set.
2025-02-27 15:58:03,Robot,Take a rest for 40 seconds.
2025-02-27 15:58:04,Robot,I'm great! How about you?
2025-02-27 15:58:04,Robot,I'm great! How about you?
2025-02-27 15:58:10,User,Great. what
2025-02-27 15:58:11,Robot,Awesome! Do you have any hobbies you enjoy?
2025-02-27 15:58:11,Robot,Awesome! Do you have any hobbies you enjoy?
2025-02-27 15:58:24,User,so
2025-02-27 15:58:24,Robot,Done with the set.
2025-02-27 15:58:26,Robot,Take a rest for 40 seconds.
2025-02-27 15:58:27,Robot,Any favorite places you've visited?
2025-02-27 15:58:27,Robot,Any favorite places you've visited?
2025-02-27 15:58:47,Robot,Done with the set.
2025-02-27 15:58:48,Robot,Great job completing this round!
2025-02-27 16:29:26,User,"you today, Papa."
2025-02-27 16:29:28,Robot,I'm ready! Any fun plans for today?
2025-02-27 16:29:28,Robot,I'm ready! Any fun plans for today?
2025-02-27 16:29:28,Robot,Done with the set.
2025-02-27 16:29:29,Robot,Take a rest for 40 seconds.
2025-02-27 16:29:38,User,Ta.
2025-02-27 16:29:39,Robot,No worries! Do you have any hobbies you enjoy?
2025-02-27 16:29:39,Robot,No worries! Do you have any hobbies you enjoy?
2025-02-27 16:29:54,User,Man
2025-02-27 16:29:54,Robot,Done with the set.
2025-02-27 16:29:55,Robot,Take a rest for 40 seconds.
2025-02-27 16:29:57,Robot,Feeling the burn yet? Do you listen to any music while working out?
2025-02-27 16:29:57,Robot,Feeling the burn yet? Do you listen to any music while working out?
2025-02-27 16:30:16,Robot,Done with the set.
2025-02-27 16:30:17,Robot,Take a rest for 40 seconds.
2025-02-27 16:30:38,Robot,Done with the set.
2025-02-27 16:30:39,Robot,Great job completing this round!
2025-03-12 16:05:19,User,I
2025-03-12 16:05:19,Robot,Done with the set.
2025-03-12 16:05:20,Robot,Take a rest for 40 seconds.
2025-03-12 16:05:22,Robot,Got any fun plans for today?
2025-03-12 16:05:22,Robot,Got any fun plans for today?
2025-03-12 16:05:31,User,"So, so basically if I block the"
2025-03-12 16:05:32,Robot,What were you saying?
2025-03-12 16:05:32,Robot,What were you saying?
2025-03-12 16:05:44,User,listening though is transcribing it.
2025-03-12 16:05:44,Robot,Done with the set.
2025-03-12 16:05:45,Robot,Take a rest for 40 seconds.
2025-03-12 16:05:46,Robot,Do you have any pets?
2025-03-12 16:05:46,Robot,Do you have any pets?
2025-03-12 16:05:54,User,from your computer.
2025-03-12 16:05:55,Robot,Got it. Do you prefer cats or dogs?
2025-03-12 16:05:55,Robot,Got it. Do you prefer cats or dogs?
2025-03-12 16:06:06,User,with him
2025-03-12 16:06:06,Robot,Done with the set.
2025-03-12 16:06:07,Robot,Take a rest for 40 seconds.
2025-03-12 16:06:09,Robot,Have you read any good books recently?
2025-03-12 16:06:09,Robot,Have you read any good books recently?
2025-03-12 16:06:28,Robot,Done with the set.
2025-03-12 16:06:29,Robot,Great job completing this round!
2025-03-12 16:10:25,Robot,Done with the set.
2025-03-12 16:10:26,Robot,Take a rest for 40 seconds.
2025-03-12 16:10:51,Robot,Done with the set.
2025-03-12 16:10:52,Robot,Take a rest for 40 seconds.
2025-03-12 16:11:18,Robot,Done with the set.
2025-03-12 16:11:19,Robot,Take a rest for 40 seconds.
2025-03-12 16:11:46,Robot,Done with the set.
2025-03-12 16:11:47,Robot,Great job completing this round!
2025-03-12 16:18:05,User,you hear me?
2025-03-12 16:18:05,Robot,Done with the set.
2025-03-12 16:18:06,Robot,Take a rest for 40 seconds.
2025-03-12 16:18:08,Robot,I hear you! Anything fun planned for today?
2025-03-12 16:18:08,Robot,I hear you! Anything fun planned for today?
2025-03-12 16:18:18,User,So
2025-03-12 16:18:19,Robot,Doing anything exciting today?
2025-03-12 16:18:19,Robot,Doing anything exciting today?
2025-03-12 16:18:32,User,10 seconds.
2025-03-12 16:18:32,Robot,Done with the set.
2025-03-12 16:18:33,Robot,Take a rest for 40 seconds.
2025-03-12 16:18:34,Robot,Nice! Do you have any pets?
2025-03-12 16:18:34,Robot,Nice! Do you have any pets?
2025-03-12 16:18:41,User,So it seems like
2025-03-12 16:18:41,Robot,Do you prefer cats or dogs?
2025-03-12 16:18:41,Robot,Do you prefer cats or dogs?
2025-03-12 16:18:51,User,shows
2025-03-12 16:18:52,Robot,Watching any good TV shows lately?
2025-03-12 16:18:52,Robot,Watching any good TV shows lately?
2025-03-12 16:18:54,Robot,Done with the set.
2025-03-12 16:18:55,Robot,Take a rest for 40 seconds.
2025-03-12 16:19:22,Robot,Done with the set.
2025-03-12 16:19:23,Robot,Great job completing this round!
2025-03-12 16:30:29,Robot,Done with the set.
2025-03-12 16:30:30,Robot,Take a rest for 40 seconds.
2025-03-12 16:30:52,Robot,Done with the set.
2025-03-12 16:30:53,Robot,Take a rest for 40 seconds.
2025-03-12 16:31:15,Robot,Done with the set.
2025-03-12 16:31:16,Robot,Take a rest for 40 seconds.
2025-03-12 16:32:02,Robot,Done with the set.
2025-03-12 16:32:03,Robot,Take a rest for 40 seconds.
2025-03-12 16:32:36,Robot,Done with the set.
2025-03-12 16:32:37,Robot,Take a rest for 40 seconds.
2025-03-12 16:32:55,User,He me
2025-03-12 16:32:56,Robot,Do you have any fun plans for later today?
2025-03-12 16:32:56,Robot,Do you have any fun plans for later today?
2025-03-12 16:33:05,Robot,Done with the set.
2025-03-12 16:33:06,Robot,Take a rest for 40 seconds.
2025-03-12 16:33:33,Robot,Done with the set.
2025-03-12 16:33:34,Robot,Great job completing this round!
2025-03-12 16:34:23,Robot,Done with the set.
2025-03-12 16:34:24,Robot,Take a rest for 40 seconds.
2025-03-12 16:34:45,Robot,Done with the set.
2025-03-12 16:34:46,Robot,Take a rest for 40 seconds.
2025-03-12 16:35:17,Robot,Done with the set.
2025-03-12 16:35:18,Robot,Take a rest for 40 seconds.
2025-03-12 16:36:59,Robot,Done with the set.
2025-03-12 16:37:00,Robot,Take a rest for 40 seconds.
2025-03-12 16:37:04,User,with the
2025-03-12 16:37:05,Robot,"So, do you have any fun plans for later?"
2025-03-12 16:37:05,Robot,"So, do you have any fun plans for later?"
2025-03-12 16:37:10,User,of
2025-03-12 16:37:11,Robot,How's your family doing? Any fun stories to share?
2025-03-12 16:37:11,Robot,How's your family doing? Any fun stories to share?
2025-03-12 16:37:21,Robot,Done with the set.
2025-03-12 16:37:22,Robot,Take a rest for 40 seconds.
2025-03-12 16:37:36,User,Can me
2025-03-12 16:37:38,Robot,Sure thing! Do you enjoy reading any good books lately?
2025-03-12 16:37:38,Robot,Sure thing! Do you enjoy reading any good books lately?
2025-03-12 16:37:47,Robot,Done with the set.
2025-03-12 16:37:48,Robot,Take a rest for 40 seconds.
2025-03-12 16:38:09,Robot,Done with the set.
2025-03-12 16:38:10,Robot,Great job completing this round!
2025-03-12 16:47:14,User,"the same activation or the license issue, so we"
2025-03-12 16:47:14,Robot,Done with the set.
2025-03-12 16:47:15,Robot,Take a rest for 40 seconds.
2025-03-12 16:47:17,Robot,Got any fun plans for today?
2025-03-12 16:47:17,Robot,Got any fun plans for today?
2025-03-12 16:47:21,User,Rest.
2025-03-12 16:47:22,Robot,Got it! What's your favorite way to relax?
2025-03-12 16:47:22,Robot,Got it! What's your favorite way to relax?
2025-03-12 16:47:25,User,today
2025-03-12 16:47:25,Robot,Any exciting plans for today?
2025-03-12 16:47:25,Robot,Any exciting plans for today?
2025-03-12 16:47:28,User,to relax
2025-03-12 16:47:30,Robot,Do you have a favorite place to unwind?
2025-03-12 16:47:30,Robot,Do you have a favorite place to unwind?
2025-03-12 16:47:35,User,some
2025-03-12 16:47:36,Robot,Do you have any hobbies you enjoy?
2025-03-12 16:47:36,Robot,Do you have any hobbies you enjoy?
2025-03-12 16:47:47,Robot,Done with the set.
2025-03-12 16:47:48,Robot,Take a rest for 40 seconds.
2025-03-12 16:47:53,User,Thank
2025-03-12 16:48:02,Robot,You're welcome! Do you have any pets?
2025-03-12 16:48:02,Robot,You're welcome! Do you have any pets?
2025-03-12 16:48:13,Robot,Done with the set.
2025-03-12 16:48:14,Robot,Take a rest for 40 seconds.
2025-03-12 16:48:51,Robot,Done with the set.
2025-03-12 16:48:52,Robot,Take a rest for 40 seconds.
2025-03-12 16:48:57,User,Take a rest for 40 seconds.
2025-03-12 16:48:58,Robot,Sounds good! Do you have any fun plans for today?
2025-03-12 16:48:58,Robot,Sounds good! Do you have any fun plans for today?
2025-03-12 16:49:13,Robot,Done with the set.
2025-03-12 16:49:14,Robot,Take a rest for 40 seconds.
2025-03-12 16:49:35,Robot,Done with the set.
2025-03-12 16:49:36,Robot,Take a rest for 40 seconds.
2025-03-12 16:49:57,Robot,Done with the set.
2025-03-12 16:49:58,Robot,Great job completing this round!
2025-03-12 16:50:42,Robot,Done with the set.
2025-03-12 16:50:43,Robot,Take a rest for 40 seconds.
2025-03-12 16:50:50,User,a
2025-03-12 16:50:51,Robot,Do you have any fun plans for the day after our workout?
2025-03-12 16:50:51,Robot,Do you have any fun plans for the day after our workout?
2025-03-12 16:51:05,User,Can you hear me right now
2025-03-12 16:51:05,Robot,Done with the set.
2025-03-12 16:51:06,Robot,Take a rest for 40 seconds.
2025-03-12 16:51:07,Robot,"Yes, I can hear you! What's on your mind?"
2025-03-12 16:51:07,Robot,"Yes, I can hear you! What's on your mind?"
2025-03-12 16:51:16,User,on your mind
2025-03-12 16:51:17,Robot,Just enjoying the workout and chatting with you! How about you?
2025-03-12 16:51:17,Robot,Just enjoying the workout and chatting with you! How about you?
2025-03-12 16:51:36,Robot,Done with the set.
2025-03-12 16:51:37,Robot,Take a rest for 40 seconds.
2025-03-12 16:51:58,Robot,Done with the set.
2025-03-12 16:51:59,Robot,Great job completing this round!
2025-03-12 16:59:39,Robot,Done with the set.
2025-03-12 16:59:40,Robot,Take a rest for 40 seconds.
2025-03-12 16:59:51,User,Can you hear me right now?
2025-03-12 16:59:52,Robot,"Yes, I can hear you! What's up?"
2025-03-12 16:59:52,Robot,"Yes, I can hear you! What's up?"
2025-03-12 17:00:02,Robot,Done with the set.
2025-03-12 17:00:03,Robot,Take a rest for 40 seconds.
2025-03-12 17:00:12,User,take a rest for 40 seconds.
2025-03-12 17:00:13,Robot,"Got it! So, do you have any fun plans for today?"
2025-03-12 17:00:13,Robot,"Got it! So, do you have any fun plans for today?"
2025-03-12 17:00:24,Robot,Done with the set.
2025-03-12 17:00:25,Robot,Take a rest for 40 seconds.
2025-03-12 17:00:46,Robot,Done with the set.
2025-03-12 17:00:47,Robot,Great job completing this round!
2025-03-12 17:12:50,User,Yes
2025-03-12 17:12:52,Robot,Great! How many reps are you aiming for today?
2025-03-12 17:12:52,Robot,Great! How many reps are you aiming for today?
2025-03-12 17:12:59,Robot,Done with the set.
2025-03-12 17:13:00,Robot,Take a rest for 40 seconds.
2025-03-12 17:13:10,User,now you're better
2025-03-12 17:13:11,Robot,Awesome! Do you have any fun plans for the day?
2025-03-12 17:13:11,Robot,Awesome! Do you have any fun plans for the day?
2025-03-12 17:13:29,User,"works fine. Yeah, looks like it's working fine. OK"
2025-03-12 17:13:32,Robot,That's great to hear! Do you have any favorite exercises?
2025-03-12 17:13:32,Robot,That's great to hear! Do you have any favorite exercises?
2025-03-12 17:13:41,Robot,Done with the set.
2025-03-12 17:13:42,Robot,Take a rest for 40 seconds.
2025-03-12 17:13:52,User,live to make this like to pepper to block.
2025-03-12 17:13:57,Robot,Interesting! Do you enjoy cooking or have a favorite dish you like to make?
2025-03-12 17:13:57,Robot,Interesting! Do you enjoy cooking or have a favorite dish you like to make?
2025-03-12 17:14:16,User,"OK, that's, that's working good right now."
2025-03-12 17:14:17,Robot,Glad to hear it! Do you have any favorite hobbies outside of exercising?
2025-03-12 17:14:17,Robot,Glad to hear it! Do you have any favorite hobbies outside of exercising?
2025-03-12 17:14:26,Robot,Done with the set.
2025-03-12 17:14:27,Robot,Take a rest for 40 seconds.
2025-03-12 17:14:35,User,That's awesome.
2025-03-12 17:14:36,Robot,What's your favorite way to relax after a workout?
2025-03-12 17:14:36,Robot,What's your favorite way to relax after a workout?
2025-03-12 17:14:52,User,"Yeah, it just momentarily adding something."
2025-03-12 17:14:53,Robot,Got it! Do you enjoy listening to music while working out?
2025-03-12 17:14:53,Robot,Got it! Do you enjoy listening to music while working out?
2025-03-12 17:15:01,Robot,Done with the set.
2025-03-12 17:15:02,Robot,Great job completing this round!
2025-03-12 17:16:18,User,His story is stuck.
2025-03-12 17:16:18,Robot,Done with the set.
2025-03-12 17:16:20,Robot,Take a rest for 40 seconds.
2025-03-12 17:16:22,Robot,Have any fun plans for today after our workout?
2025-03-12 17:16:28,Robot,Have any fun plans for today after our workout?
2025-03-12 17:16:42,User,you do my he
2025-03-12 17:16:43,Robot,Need help with your form? Keep your elbows close to your body.
2025-03-12 17:16:43,Robot,Need help with your form? Keep your elbows close to your body.
2025-03-12 17:16:51,Robot,Done with the set.
2025-03-12 17:16:52,Robot,Take a rest for 40 seconds.
2025-03-12 17:17:02,User,OK
2025-03-12 17:17:08,Robot,Do you have any pets at home?
2025-03-12 17:17:08,Robot,Do you have any pets at home?
2025-03-12 17:17:28,Robot,Done with the set.
2025-03-12 17:17:29,Robot,Take a rest for 40 seconds.
2025-03-12 17:17:41,User,That's better
2025-03-12 17:17:42,Robot,Great! Do you enjoy any sports or outdoor activities?
2025-03-12 17:17:49,Robot,Great! Do you enjoy any sports or outdoor activities?
2025-03-12 17:17:54,Robot,Done with the set.
2025-03-12 17:17:55,Robot,Great job completing this round!
2025-03-12 17:46:25,Robot,Done with the set.
2025-03-12 17:46:26,Robot,Take a rest for 40 seconds.
2025-03-12 17:46:36,User,What is this error?
2025-03-12 17:46:37,Robot,I'm here to chat and keep you company during the workout!
2025-03-12 17:46:37,Robot,I'm here to chat and keep you company during the workout!
2025-03-12 17:46:53,User,person Can you show me
2025-03-12 17:46:55,Robot,"I can't show you physically, but keep your elbows close and curl the weight up to your shoulder."
2025-03-12 17:46:55,Robot,"I can't show you physically, but keep your elbows close and curl the weight up to your shoulder."
2025-03-12 17:47:05,Robot,Done with the set.
2025-03-12 17:47:06,Robot,Take a rest for 40 seconds.
2025-03-12 17:47:16,User,Awesome.
2025-03-12 17:47:17,Robot,Great job! Do you have any fun plans for today?
2025-03-12 17:47:17,Robot,Great job! Do you have any fun plans for today?
2025-03-12 17:47:28,User,Yes
2025-03-12 17:47:30,Robot,That sounds exciting! What do you have planned?
2025-03-12 17:47:30,Robot,That sounds exciting! What do you have planned?
2025-03-12 17:47:38,User,65.
2025-03-12 17:47:38,Robot,Done with the set.
2025-03-12 17:47:44,Robot,Take a rest for 40 seconds.
2025-03-12 17:47:45,Robot,65? Is that minutes of fun planned or something else?
2025-03-12 17:47:45,Robot,65? Is that minutes of fun planned or something else?
2025-03-12 17:47:58,User,It
2025-03-12 17:48:00,Robot,"Alright, let's lift those arms to your sides!"
2025-03-12 17:48:06,Robot,"Alright, let's lift those arms to your sides!"
2025-03-12 17:48:10,Robot,Done with the set.
2025-03-12 17:48:11,Robot,Great job completing this round!
2025-03-12 17:57:06,Robot,Done with the set.
2025-03-12 17:57:07,Robot,Take a rest for 40 seconds.
2025-03-12 17:57:18,User,hear me
2025-03-12 17:57:18,Robot,I'm here! What's up?
2025-03-12 17:57:18,Robot,I'm here! What's up?
2025-03-12 18:01:36,Robot,Done with the set.
2025-03-12 18:01:37,Robot,Take a rest for 40 seconds.
2025-03-12 18:01:46,User,the
2025-03-12 18:01:46,Robot,How's your day going so far? Any fun plans later?
2025-03-12 18:01:46,Robot,How's your day going so far? Any fun plans later?
2025-03-12 18:02:00,User,Yeah
2025-03-12 18:02:01,Robot,Awesome! What are you planning to do?
2025-03-12 18:02:01,Robot,Awesome! What are you planning to do?
2025-03-12 18:02:12,User,I'm not planning to do anything.
2025-03-12 18:02:12,Robot,Done with the set.
2025-03-12 18:02:17,Robot,Take a rest for 40 seconds.
2025-03-12 18:02:19,Robot,That's cool too! Enjoying a relaxing day is always nice.
2025-03-12 18:02:19,Robot,That's cool too! Enjoying a relaxing day is always nice.
2025-03-12 18:02:28,User,doing that
2025-03-12 18:02:28,Robot,Perfect! Do you have any hobbies you enjoy on relaxing days?
2025-03-12 18:02:28,Robot,Perfect! Do you have any hobbies you enjoy on relaxing days?
2025-03-12 18:02:41,User,of the
2025-03-12 18:02:43,Robot,Any favorite activities you like to do on your chill days?
2025-03-12 18:02:43,Robot,Any favorite activities you like to do on your chill days?
2025-03-12 18:02:48,Robot,Done with the set.
2025-03-12 18:02:54,Robot,Take a rest for 40 seconds.
2025-03-12 18:03:00,User,Train
2025-03-12 18:03:01,Robot,Great choice! Do you have a favorite exercise routine?
2025-03-12 18:03:01,Robot,Great choice! Do you have a favorite exercise routine?
2025-03-12 18:03:09,Robot,Done with the set.
2025-03-12 18:03:10,Robot,Great job completing this round!
2025-03-12 18:05:14,User,How are you doing
2025-03-12 18:05:16,Robot,I'm doing great! How about you?
2025-03-12 18:05:16,Robot,I'm doing great! How about you?
2025-03-12 18:05:23,User,Doing
2025-03-12 18:05:23,Robot,Done with the set.
2025-03-12 18:05:29,Robot,Take a rest for 40 seconds.
2025-03-12 18:05:30,Robot,Anything fun planned for later today?
2025-03-12 18:05:30,Robot,Anything fun planned for later today?
2025-03-12 18:05:38,User,I'm going to do my
2025-03-12 18:05:39,Robot,Sounds productive! Do you enjoy working on those tasks?
2025-03-12 18:05:39,Robot,Sounds productive! Do you enjoy working on those tasks?
2025-03-12 18:05:48,User,I don't.
2025-03-12 18:05:49,Robot,That's tough. Any fun activities planned afterwards?
2025-03-12 18:05:49,Robot,That's tough. Any fun activities planned afterwards?
2025-03-12 18:05:57,User,"Um,"
2025-03-12 18:05:58,Robot,Maybe a TV show or some music to relax?
2025-03-12 18:05:58,Robot,Maybe a TV show or some music to relax?
2025-03-12 18:06:08,User,TV shows
2025-03-12 18:06:08,Robot,Nice! What shows are you currently watching?
2025-03-12 18:06:08,Robot,Nice! What shows are you currently watching?
2025-03-12 18:06:39,Robot,Done with the set.
2025-03-12 18:06:40,Robot,Take a rest for 40 seconds.
2025-03-12 18:07:24,Robot,Great job completing this round!
2025-03-12 18:08:33,User,And you clearly.
2025-03-12 18:08:33,Robot,Done with the set.
2025-03-12 18:08:40,Robot,Take a rest for 40 seconds.
2025-03-12 18:08:41,Robot,Got any fun plans for today?
2025-03-12 18:08:41,Robot,Got any fun plans for today?
2025-03-12 18:08:49,User,have any plans
2025-03-12 18:08:51,Robot,No specific plans. How about you? Anything exciting on your agenda?
2025-03-12 18:08:51,Robot,No specific plans. How about you? Anything exciting on your agenda?
2025-03-12 18:09:22,User,I
2025-03-12 18:09:24,Robot,Great! How's it going with the curls?
2025-03-12 18:09:30,Robot,Great! How's it going with the curls?
2025-03-12 18:09:31,Robot,Done with the set.
2025-03-12 18:09:32,Robot,Take a rest for 40 seconds.
2025-03-12 18:09:33,Robot,Great job completing this round!
2025-03-12 18:14:33,User,How do you do about So
2025-03-12 18:14:38,Robot,"Doing well, thanks! How about you? Any fun plans for today?"
2025-03-12 18:14:38,Robot,"Doing well, thanks! How about you? Any fun plans for today?"
2025-03-12 18:14:47,Robot,Done with the set.
2025-03-12 18:14:48,Robot,Take a rest for 40 seconds.
2025-03-12 18:14:56,User,I don't have
2025-03-12 18:14:57,Robot,No worries! Sometimes relaxing can be the best plan. Do you have any hobbies you enjoy?
2025-03-12 18:14:57,Robot,No worries! Sometimes relaxing can be the best plan. Do you have any hobbies you enjoy?
2025-03-12 18:15:10,User,I want playing video. games
2025-03-12 18:15:10,Robot,That's awesome! What video games do you enjoy playing?
2025-03-12 18:15:10,Robot,That's awesome! What video games do you enjoy playing?
2025-03-12 18:15:21,User,is working fine right now.
2025-03-12 18:15:22,Robot,That's great! Is there a game you're currently enjoying the most?
2025-03-12 18:15:22,Robot,That's great! Is there a game you're currently enjoying the most?
2025-03-12 18:15:30,User,good
2025-03-12 18:15:32,Robot,"Alright, let's power through this set! Do you listen to music while gaming?"
2025-03-12 18:15:40,Robot,"Alright, let's power through this set! Do you listen to music while gaming?"
2025-03-12 18:15:53,Robot,Done with the set.
2025-03-12 18:15:54,Robot,Take a rest for 40 seconds.
2025-03-12 18:17:04,Robot,Done with the set.
2025-03-12 18:17:05,Robot,Take a rest for 40 seconds.
2025-03-12 18:17:19,User,So
2025-03-12 18:17:21,Robot,How's your workout going so far? Feeling good?
2025-03-12 18:17:21,Robot,How's your workout going so far? Feeling good?
2025-03-12 18:17:28,User,No
2025-03-12 18:17:29,Robot,That's okay! Sometimes workouts can be tough. Want to chat about something fun?
2025-03-12 18:17:29,Robot,That's okay! Sometimes workouts can be tough. Want to chat about something fun?
2025-03-12 18:17:41,User,Do you like
2025-03-12 18:17:41,Robot,I enjoy learning about music! Do you have a favorite band or artist?
2025-03-12 18:17:41,Robot,I enjoy learning about music! Do you have a favorite band or artist?
2025-03-12 18:17:56,User,Interested in art.
2025-03-12 18:17:58,Robot,That's great! Do you have a favorite artist or style of art?
2025-03-12 18:17:58,Robot,That's great! Do you have a favorite artist or style of art?
2025-03-12 18:18:13,User,it's with us on the slash.
2025-03-12 18:18:13,Robot,Done with the set.
2025-03-12 18:18:18,Robot,Great job completing this round!
2025-03-12 18:20:25,User,What do you do about a girl
2025-03-12 18:20:27,Robot,Are you asking for advice about a girl you like?
2025-03-12 18:20:27,Robot,Are you asking for advice about a girl you like?
2025-03-12 18:20:35,User,I'm
2025-03-12 18:20:35,Robot,Done with the set.
2025-03-12 18:20:48,Robot,Take a rest for 40 seconds.
2025-03-12 18:20:50,Robot,Tell me more about the situation with the girl.
2025-03-12 18:20:50,Robot,Tell me more about the situation with the girl.
2025-03-12 18:20:58,User,I'm how
2025-03-12 18:20:59,Robot,How are you feeling about the situation with the girl?
2025-03-12 18:20:59,Robot,How are you feeling about the situation with the girl?
2025-03-12 18:21:09,User,I'm asking how do you do the exercise?
2025-03-12 18:21:11,Robot,"Ah, got it! Stand straight, hold weights, palms forward, and curl towards shoulders. Keep elbows close to your body."
2025-03-12 18:21:11,Robot,"Ah, got it! Stand straight, hold weights, palms forward, and curl towards shoulders. Keep elbows close to your body."
2025-03-12 18:21:29,User,How many more sets do we have?
2025-03-12 18:21:29,Robot,We have two more sets to go! Ready for the next one?
2025-03-12 18:21:29,Robot,We have two more sets to go! Ready for the next one?
2025-03-12 18:21:46,User,2008.
2025-03-12 18:21:48,Robot,2008? What happened in 2008 for you?
2025-03-12 18:21:48,Robot,2008? What happened in 2008 for you?
2025-03-12 18:21:58,User,I'm not saying any
2025-03-12 18:21:58,Robot,Done with the set.
2025-03-12 18:22:07,Robot,Take a rest for 40 seconds.
2025-03-12 18:22:09,Robot,Got it! Want to chat about something else? Maybe music or travel?
2025-03-12 18:22:09,Robot,Got it! Want to chat about something else? Maybe music or travel?
2025-03-12 18:22:26,User,To interrupt me.
2025-03-12 18:22:26,Robot,Great job completing this round!
2025-03-12 18:40:47,User,are doing by cyclic very slowly right now.
2025-03-12 18:40:50,Robot,Nice and controlled! Do you have any fun plans for today?
2025-03-12 18:40:50,Robot,Nice and controlled! Do you have any fun plans for today?
2025-03-12 18:40:57,Robot,Done with the set.
2025-03-12 18:40:58,Robot,Take a rest for 40 seconds.
2025-03-12 18:41:06,User,I'm going to finish my homework.
2025-03-12 18:41:07,Robot,Sounds productive! What subject are you working on?
2025-03-12 18:41:07,Robot,Sounds productive! What subject are you working on?
2025-03-12 18:41:17,User,And To
2025-03-12 18:41:18,Robot,That's great! Do you have a favorite subject in school?
2025-03-12 18:41:18,Robot,That's great! Do you have a favorite subject in school?
2025-03-12 18:41:28,User,Everything in school.
2025-03-12 18:41:29,Robot,That's awesome! Do you have a favorite book you've read recently?
2025-03-12 18:41:29,Robot,That's awesome! Do you have a favorite book you've read recently?
2025-03-12 18:41:39,User,30 It
2025-03-12 18:41:39,Robot,Nice! What's it about?
2025-03-12 18:41:39,Robot,Nice! What's it about?
2025-03-12 18:41:52,User,Reporter Do you heard
2025-03-12 18:41:54,Robot,I haven't heard about that one. What's the story like?
2025-03-12 18:41:54,Robot,I haven't heard about that one. What's the story like?
2025-03-12 18:42:06,User,Definitely of the Harry Potter
2025-03-12 18:42:06,Robot,Done with the set.
2025-03-12 18:42:11,Robot,Take a rest for 40 seconds.
2025-03-12 18:42:13,Robot,Harry Potter is a classic! Do you have a favorite character?
2025-03-12 18:42:13,Robot,Harry Potter is a classic! Do you have a favorite character?
2025-03-12 18:42:25,User,I love you of
2025-03-12 18:42:26,Robot,Harry's a great choice! Have you watched the movies too?
2025-03-12 18:42:26,Robot,Harry's a great choice! Have you watched the movies too?
2025-03-12 18:42:36,User,I didn't
2025-03-12 18:42:37,Robot,The movies are fun! Maybe worth checking out sometime. Do you have a favorite movie?
2025-03-12 18:42:37,Robot,The movies are fun! Maybe worth checking out sometime. Do you have a favorite movie?
2025-03-12 18:42:49,User,I do
2025-03-12 18:42:50,Robot,What's your favorite movie?
2025-03-12 18:42:50,Robot,What's your favorite movie?
2025-03-12 18:43:02,User,Do you heard of Inception?
2025-03-12 18:43:04,Robot,"Yes, I have! It's a mind-bending film. Do you enjoy complex storylines like that?"
2025-03-12 18:43:04,Robot,"Yes, I have! It's a mind-bending film. Do you enjoy complex storylines like that?"
2025-03-12 18:43:18,User,likes that but
2025-03-12 18:43:18,Robot,Done with the set.
2025-03-12 18:43:24,Robot,Take a rest for 40 seconds.
2025-03-12 18:43:26,Robot,Cool! Do you have any other favorite genres?
2025-03-12 18:43:26,Robot,Cool! Do you have any other favorite genres?
2025-03-12 18:43:40,User,Still love science fiction for most. the We
2025-03-12 18:43:41,Robot,Science fiction is fascinating! Do you have a favorite sci-fi author?
2025-03-12 18:43:41,Robot,Science fiction is fascinating! Do you have a favorite sci-fi author?
2025-03-12 18:43:54,User,I do but his name
2025-03-12 18:43:55,Robot,No worries! Do you enjoy any sci-fi TV shows?
2025-03-12 18:43:55,Robot,No worries! Do you enjoy any sci-fi TV shows?
2025-03-12 18:44:09,User,I don't know
2025-03-12 18:44:11,Robot,That's okay! Maybe you can explore some in the future. Ready for the next set?
2025-03-12 18:44:19,Robot,That's okay! Maybe you can explore some in the future. Ready for the next set?
2025-03-12 18:44:31,Robot,Done with the set.
2025-03-12 18:44:33,Robot,Great job completing this round!
2025-03-12 18:45:27,User,Can you look at me?
2025-03-12 18:45:29,Robot,"I can't, but I'm here to chat and motivate!"
2025-03-12 18:45:29,Robot,"I can't, but I'm here to chat and motivate!"
2025-03-12 18:45:37,User,Please stare at me
2025-03-12 18:45:37,Robot,Done with the set.
2025-03-12 18:45:43,Robot,Take a rest for 40 seconds.
2025-03-12 18:45:44,Robot,What’s your favorite exercise to do?
2025-03-12 18:45:44,Robot,What’s your favorite exercise to do?
2025-03-12 18:45:55,User,I love basketball.
2025-03-12 18:45:55,Robot,That's awesome! Do you play often or just enjoy watching?
2025-03-12 18:45:55,Robot,That's awesome! Do you play often or just enjoy watching?
2025-03-12 18:46:08,User,"I'm just playing, but any game"
2025-03-12 18:46:09,Robot,Great way to stay active! Do you have a favorite basketball team?
2025-03-12 18:46:09,Robot,Great way to stay active! Do you have a favorite basketball team?
2025-03-12 18:46:22,User,to form a team for me
2025-03-12 18:46:22,Robot,That sounds exciting! What would you name your team?
2025-03-12 18:46:22,Robot,That sounds exciting! What would you name your team?
2025-03-12 18:46:44,User,they you not looking at me
2025-03-12 18:46:45,Robot,I'm here to chat and cheer you on! Keep up the great work!
2025-03-12 18:46:45,Robot,I'm here to chat and cheer you on! Keep up the great work!
2025-03-12 18:46:53,Robot,Done with the set.
2025-03-12 18:46:54,Robot,Take a rest for 40 seconds.
2025-03-12 18:47:05,User,Awesome.
2025-03-12 18:47:06,Robot,Glad to hear that! Any other sports you enjoy?
2025-03-12 18:47:06,Robot,Glad to hear that! Any other sports you enjoy?
2025-03-12 18:47:17,User,"Can you tell me a story, Pepper"
2025-03-12 18:47:17,Robot,"Sure thing! Once, a basketball-loving cat dribbled its way into the town’s championship game, surprising everyone!"
2025-03-12 18:47:17,Robot,"Sure thing! Once, a basketball-loving cat dribbled its way into the town’s championship game, surprising everyone!"
2025-03-12 18:47:35,User,is a very short short story
2025-03-12 18:47:38,Robot,"Yes, it is! I like keeping it brief. Ready for the next set?"
2025-03-12 18:47:39,Robot,"Yes, it is! I like keeping it brief. Ready for the next set?"
2025-03-12 18:47:54,User,I
2025-03-12 18:47:56,Robot,Let’s keep going! How are those lateral raises feeling?
2025-03-12 18:47:56,Robot,Let’s keep going! How are those lateral raises feeling?
2025-03-12 18:48:03,Robot,Done with the set.
2025-03-12 18:48:04,Robot,Take a rest for 40 seconds.
2025-03-12 18:48:48,Robot,Great job completing this round!
2025-03-12 18:58:06,Robot,Done with the set.
2025-03-12 18:58:07,Robot,Take a rest for 40 seconds.
2025-03-12 18:58:08,Robot,Great job completing this round!
2025-03-12 18:59:44,Robot,Done with the set.
2025-03-12 18:59:45,Robot,Take a rest for 40 seconds.
2025-03-12 18:59:46,Robot,Great job completing this round!
2025-03-12 19:03:59,Robot,Done with the set.
2025-03-12 19:04:00,Robot,Take a rest for 40 seconds.
2025-03-12 19:04:01,Robot,Great job completing this round!
2025-03-12 19:05:23,Robot,Done with the set.
2025-03-12 19:05:24,Robot,Take a rest for 40 seconds.
2025-03-12 19:06:30,User,"hear me clearly, Pepper."
2025-03-12 19:06:32,Robot,Loud and clear! How's your day going so far?
2025-03-12 19:06:32,Robot,Loud and clear! How's your day going so far?
2025-03-12 19:06:38,Robot,Done with the set.
2025-03-12 19:06:39,Robot,Take a rest for 40 seconds.
2025-03-12 19:06:48,User,It is going pretty good.
2025-03-12 19:06:48,Robot,That's great to hear! Got any fun plans later?
2025-03-12 19:06:48,Robot,That's great to hear! Got any fun plans later?
2025-03-12 19:07:57,Robot,Done with the set.
2025-03-12 19:07:58,Robot,Take a rest for 40 seconds.
2025-03-12 19:07:59,Robot,Great job completing this round!
2025-03-12 19:08:38,User,me
2025-03-12 19:08:39,Robot,Great choice! How many reps are you aiming for today?
2025-03-12 19:08:39,Robot,Great choice! How many reps are you aiming for today?
2025-03-12 19:08:46,Robot,Done with the set.
2025-03-12 19:08:47,Robot,Take a rest for 40 seconds.
2025-03-12 19:08:58,User,hunger
2025-03-12 19:08:59,Robot,What's your favorite post-workout snack?
2025-03-12 19:08:59,Robot,What's your favorite post-workout snack?
2025-03-12 19:09:10,User,Snake after a workout.
2025-03-12 19:09:11,Robot,Interesting choice! Do you mean like a protein-packed dish or something else?
2025-03-12 19:09:11,Robot,Interesting choice! Do you mean like a protein-packed dish or something else?
2025-03-12 19:09:22,User,"I said, I said I do not."
2025-03-12 19:09:23,Robot,Got it! What's your go-to meal after working out?
2025-03-12 19:09:23,Robot,Got it! What's your go-to meal after working out?
2025-03-12 19:09:36,User,I'm going to have my dinner.
2025-03-12 19:09:38,Robot,Enjoy your dinner! What's on the menu tonight?
2025-03-12 19:09:44,Robot,Enjoy your dinner! What's on the menu tonight?
2025-03-12 19:09:59,Robot,Done with the set.
2025-03-12 19:10:00,Robot,Take a rest for 40 seconds.
2025-03-12 19:11:10,Robot,Done with the set.
2025-03-12 19:11:11,Robot,Take a rest for 40 seconds.
2025-03-12 19:11:54,Robot,Great job completing this round!
2025-03-12 19:13:22,User,So session
2025-03-12 19:13:23,Robot,What's your favorite exercise to do?
2025-03-12 19:13:23,Robot,What's your favorite exercise to do?
2025-03-12 19:13:28,User,exercise to do.
2025-03-12 19:13:30,Robot,I love doing squats! How about you?
2025-03-12 19:13:30,Robot,I love doing squats! How about you?
2025-03-12 19:13:56,Robot,Done with the set.
2025-03-12 19:13:59,Robot,Take a rest for 40 seconds.
2025-03-12 19:14:00,Robot,Great job completing this round!
2025-03-12 19:16:29,User,Do you have any
2025-03-12 19:16:29,Robot,Done with the set.
2025-03-12 19:16:35,Robot,Take a rest for 40 seconds.
2025-03-12 19:16:37,Robot,Do you have any fun plans for the day?
2025-03-12 19:16:37,Robot,Do you have any fun plans for the day?
2025-03-12 19:16:46,User,I don't have any fun plan
2025-03-12 19:16:47,Robot,Maybe a movie night or trying a new recipe could be fun!
2025-03-12 19:16:47,Robot,Maybe a movie night or trying a new recipe could be fun!
2025-03-12 19:16:58,User,cold
2025-03-12 19:16:59,Robot,A warm drink and cozy blanket might be perfect right now!
2025-03-12 19:16:59,Robot,A warm drink and cozy blanket might be perfect right now!
2025-03-12 19:17:10,User,have dinner
2025-03-12 19:17:10,Robot,What are you having for dinner tonight?
2025-03-12 19:17:10,Robot,What are you having for dinner tonight?
2025-03-12 19:17:18,User,our show
2025-03-12 19:17:19,Robot,What show are you currently watching?
2025-03-12 19:17:24,Robot,What show are you currently watching?
2025-03-12 19:17:40,Robot,Done with the set.
2025-03-12 19:17:41,Robot,Take a rest for 40 seconds.
2025-03-12 19:18:42,User,Can you hear me right
2025-03-12 19:18:44,Robot,"Yes, I can hear you!"
2025-03-12 19:18:44,Robot,"Yes, I can hear you!"
2025-03-12 19:18:55,User,Sometimes you don't allow me to speak.
2025-03-12 19:18:55,Robot,Done with the set.
2025-03-12 19:19:00,Robot,Take a rest for 40 seconds.
2025-03-12 19:19:02,Robot,Sorry about that! I'll try to listen better.
2025-03-12 19:19:02,Robot,Sorry about that! I'll try to listen better.
2025-03-12 19:19:15,User,Thank you so much.
2025-03-12 19:19:15,Robot,You're welcome! Have you read any good books lately?
2025-03-12 19:19:15,Robot,You're welcome! Have you read any good books lately?
2025-03-12 19:19:26,User,do not like reading any books.
2025-03-12 19:19:27,Robot,That's okay! Do you enjoy watching any TV shows instead?
2025-03-12 19:19:27,Robot,That's okay! Do you enjoy watching any TV shows instead?
2025-03-12 19:19:38,User,"Oh, I just remember I love. Harry Potter"
2025-03-12 19:19:39,Robot,That's a classic! Do you have a favorite Harry Potter character?
2025-03-12 19:19:39,Robot,That's a classic! Do you have a favorite Harry Potter character?
2025-03-12 19:19:57,User,"Thank you, Pepper. I don't want to do."
2025-03-12 19:19:58,Robot,No worries! We can take a break. Who's your favorite Harry Potter character?
2025-03-12 19:19:58,Robot,No worries! We can take a break. Who's your favorite Harry Potter character?
2025-03-12 19:20:27,Robot,Done with the set.
2025-03-12 19:20:28,Robot,Great job completing this round!
2025-03-19 13:55:54,Robot,Done with the set.
2025-03-19 13:55:55,Robot,Take a rest for 40 seconds.
2025-03-19 13:55:56,Robot,Great job completing this round!
2025-03-19 13:57:56,User,Some
2025-03-19 13:57:58,Robot,Great choice! Do you have a favorite exercise routine?
2025-03-19 13:57:58,Robot,Great choice! Do you have a favorite exercise routine?
2025-03-19 13:58:07,User,routine
2025-03-19 13:58:07,Robot,Done with the set.
2025-03-19 13:58:08,Robot,Take a rest for 40 seconds.
2025-03-19 13:58:09,Robot,Do you usually listen to music while working out?
2025-03-19 13:58:09,Robot,Do you usually listen to music while working out?
2025-03-19 13:58:25,User,OK.
2025-03-19 13:58:27,Robot,Awesome! Do you have a favorite workout playlist?
2025-03-19 13:58:27,Robot,Awesome! Do you have a favorite workout playlist?
2025-03-19 13:58:32,User,And the
2025-03-19 13:58:32,Robot,Done with the set.
2025-03-19 13:58:33,Robot,Take a rest for 40 seconds.
2025-03-19 13:58:35,Robot,Do you have any fun plans for the day?
2025-03-19 13:58:35,Robot,Do you have any fun plans for the day?
2025-03-19 13:58:40,User,"Yeah, that's my like I just I haven't killed."
2025-03-19 13:58:41,Robot,Sounds interesting! Any hobbies you enjoy when you're not exercising?
2025-03-19 13:58:41,Robot,Sounds interesting! Any hobbies you enjoy when you're not exercising?
2025-03-19 13:58:47,User,Oh my God I
2025-03-19 13:58:49,Robot,Nice! Have you visited any cool places recently?
2025-03-19 13:58:49,Robot,Nice! Have you visited any cool places recently?
2025-03-19 13:59:00,User,about Bye.
2025-03-19 13:59:00,Robot,Done with the set.
2025-03-19 13:59:01,Robot,Take a rest for 40 seconds.
2025-03-19 13:59:03,Robot,Do you like to travel? Any dream destinations?
2025-03-19 13:59:03,Robot,Do you like to travel? Any dream destinations?
2025-03-19 13:59:06,User,You can
2025-03-19 13:59:07,Robot,Any favorite sports or teams you follow?
2025-03-19 13:59:07,Robot,Any favorite sports or teams you follow?
2025-03-19 13:59:28,Robot,Done with the set.
2025-03-19 13:59:29,Robot,Great job completing this round!
2025-03-19 14:09:10,Robot,Done with the set.
2025-03-19 14:09:11,Robot,Take a rest for 40 seconds.
2025-03-19 14:13:59,User,How are you today?
2025-03-19 14:14:01,Robot,I'm doing great! How about you? Anything fun planned for today?
2025-03-19 14:14:01,Robot,I'm doing great! How about you? Anything fun planned for today?
2025-03-19 14:14:05,User,OK.
2025-03-19 14:14:07,Robot,Alright! Do you enjoy any particular exercises or sports?
2025-03-19 14:14:07,Robot,Alright! Do you enjoy any particular exercises or sports?
2025-03-19 14:14:15,User,to exercise you
2025-03-19 14:14:17,Robot,Sounds great! Do you have any favorite workout routines?
2025-03-19 14:14:17,Robot,Sounds great! Do you have any favorite workout routines?
2025-03-19 14:14:34,User,But
2025-03-19 14:14:34,Robot,Done with the set.
2025-03-19 14:14:35,Robot,Take a rest for 40 seconds.
2025-03-19 14:14:37,Robot,"While we rest, do you have any favorite places you've visited?"
2025-03-19 14:14:37,Robot,"While we rest, do you have any favorite places you've visited?"
2025-03-19 14:25:28,User,To exercise
2025-03-19 14:25:30,Robot,Great choice! Do you have any fun plans for the day after our workout?
2025-03-19 14:25:30,Robot,Great choice! Do you have any fun plans for the day after our workout?
2025-03-19 14:25:37,User,I
2025-03-19 14:25:39,Robot,Awesome! Do you enjoy any particular exercises or activities?
2025-03-19 14:25:39,Robot,Awesome! Do you enjoy any particular exercises or activities?
2025-03-19 14:25:46,User,One error
2025-03-19 15:53:21,User,hear me clearly?
2025-03-19 15:53:21,Robot,Done with the set.
2025-03-19 15:53:27,Robot,Take a rest for 40 seconds.
2025-03-19 15:53:30,Robot,"Yes, I can hear you clearly! Got any fun plans for today?"
2025-03-19 15:53:30,Robot,"Yes, I can hear you clearly! Got any fun plans for today?"
2025-03-19 15:53:42,User,"too much, but"
2025-03-19 15:53:43,Robot,Busy day ahead? Anything exciting?
2025-03-19 15:53:43,Robot,Busy day ahead? Anything exciting?
2025-03-19 15:53:55,User,doing good for the weather.
2025-03-19 15:53:56,Robot,That's great! Do you enjoy outdoor activities when the weather's nice?
2025-03-19 15:53:56,Robot,That's great! Do you enjoy outdoor activities when the weather's nice?
2025-03-19 15:54:08,User,"Yes, I play"
2025-03-19 15:54:10,Robot,Awesome! What sport do you play?
2025-03-19 15:54:10,Robot,Awesome! What sport do you play?
2025-03-19 15:54:25,User,You are looking at me right now.
2025-03-19 15:54:28,Robot,"Not quite, but I'm here to keep you company during the workout! How about another set?"
2025-03-19 15:54:28,Robot,"Not quite, but I'm here to keep you company during the workout! How about another set?"
2025-03-19 15:54:59,Robot,Done with the set.
2025-03-19 15:55:00,Robot,Take a rest for 40 seconds.
2025-03-19 15:55:09,User,doing Incorrect.
2025-03-19 15:55:11,Robot,"No worries, let's adjust the form on the next set. Do you have any favorite sports teams?"
2025-03-19 15:55:11,Robot,"No worries, let's adjust the form on the next set. Do you have any favorite sports teams?"
2025-03-19 15:55:25,User,"I don't really watch sports, but I only. say"
2025-03-19 15:55:26,Robot,Got it! Do you have any hobbies or activities you enjoy?
2025-03-19 15:55:26,Robot,Got it! Do you have any hobbies or activities you enjoy?
2025-03-19 15:55:40,User,I like playing video games.
2025-03-19 15:55:42,Robot,Nice! What games are you into lately?
2025-03-19 15:55:42,Robot,Nice! What games are you into lately?
2025-03-19 15:55:56,User,Awesome.
2025-03-19 15:56:02,Robot,Great! Let's get those shoulders moving. Do you have a favorite game character?
2025-03-19 15:56:02,Robot,Great! Let's get those shoulders moving. Do you have a favorite game character?
2025-03-19 15:56:24,User,Don't
2025-03-19 15:56:24,Robot,Done with the set.
2025-03-19 15:56:30,Robot,Take a rest for 40 seconds.
2025-03-19 15:56:32,Robot,That's cool! Any other hobbies besides gaming?
2025-03-19 15:56:32,Robot,That's cool! Any other hobbies besides gaming?
2025-03-19 15:57:41,Robot,Done with the set.
2025-03-19 15:57:42,Robot,Great job completing this round!
2025-03-19 16:01:35,User,Thank you. Are you doing good today?
2025-03-19 16:01:39,Robot,"I'm doing great, thanks! How about you? Any fun plans for the day?"
2025-03-19 16:01:39,Robot,"I'm doing great, thanks! How about you? Any fun plans for the day?"
2025-03-19 16:01:47,Robot,Done with the set.
2025-03-19 16:01:48,Robot,Take a rest for 40 seconds.
2025-03-19 16:01:58,User,My plan is like doing this.
2025-03-19 16:01:59,Robot,Sounds like a solid plan! Do you have a favorite exercise?
2025-03-19 16:01:59,Robot,Sounds like a solid plan! Do you have a favorite exercise?
2025-03-19 16:02:11,User,probably myself
2025-03-19 16:02:14,Robot,That's awesome! Staying motivated is key. Do you enjoy any particular workout routines?
2025-03-19 16:02:14,Robot,That's awesome! Staying motivated is key. Do you enjoy any particular workout routines?
2025-03-19 16:02:29,User,"I don't really enjoy them, but"
2025-03-19 16:02:33,Robot,That's understandable. Do you have any hobbies you enjoy more?
2025-03-19 16:02:33,Robot,That's understandable. Do you have any hobbies you enjoy more?
2025-03-19 16:03:04,Robot,Done with the set.
2025-03-19 16:03:05,Robot,Take a rest for 40 seconds.
2025-03-19 16:04:13,Robot,Done with the set.
2025-03-19 16:04:14,Robot,Take a rest for 40 seconds.
2025-03-19 16:04:15,Robot,Great job completing this round!
2025-03-19 16:12:56,User,little Hello Pepper.
2025-03-19 16:12:58,Robot,Hey there! How are you doing today?
2025-03-19 16:12:58,Robot,Hey there! How are you doing today?
2025-03-19 16:13:11,Robot,Done with the set.
2025-03-19 16:13:12,Robot,Take a rest for 40 seconds.
2025-03-19 16:13:13,Robot,Great job completing this round!
2025-03-19 16:13:46,Robot,Done with the set.
2025-03-19 16:13:47,Robot,Take a rest for 40 seconds.
2025-03-19 16:13:48,Robot,Great job completing this round!
2025-03-19 16:15:00,Robot,Done with the set.
2025-03-19 16:15:01,Robot,Take a rest for 40 seconds.
2025-03-19 16:15:02,Robot,Great job completing this round!
2025-03-19 16:16:37,User,It's
2025-03-19 16:16:39,Robot,great for building arm strength! Do you have any fun workouts planned today?
2025-03-19 16:16:39,Robot,great for building arm strength! Do you have any fun workouts planned today?
2025-03-19 16:17:08,Robot,Done with the set.
2025-03-19 16:17:09,Robot,Take a rest for 40 seconds.
2025-03-19 16:17:52,Robot,Great job completing this round!
2025-03-19 16:20:36,User,Can you hear me clearly?
2025-03-19 16:20:36,Robot,Done with the set.
2025-03-19 16:20:45,Robot,Take a rest for 40 seconds.
2025-03-19 16:20:46,Robot,"Yes, I can hear you clearly! Anything fun planned after this?"
2025-03-19 16:20:46,Robot,"Yes, I can hear you clearly! Anything fun planned after this?"
2025-03-19 16:21:12,User,Why are you changing color
2025-03-19 16:21:13,Robot,"It's just how I'm designed, to keep things interesting! Any favorite exercises you enjoy?"
2025-03-19 16:21:13,Robot,"It's just how I'm designed, to keep things interesting! Any favorite exercises you enjoy?"
2025-03-19 16:21:57,User,the color is so different.
2025-03-19 16:21:59,Robot,Focus on form! Do you have any pets at home?
2025-03-19 16:22:08,Robot,Focus on form! Do you have any pets at home?
2025-03-19 16:22:21,Robot,Done with the set.
2025-03-19 16:22:22,Robot,Take a rest for 40 seconds.
2025-03-19 16:22:31,User,hear me now?
2025-03-19 16:22:32,Robot,"Yes, I hear you! Do you prefer cats or dogs?"
2025-03-19 16:22:32,Robot,"Yes, I hear you! Do you prefer cats or dogs?"
2025-03-19 16:23:44,Robot,Done with the set.
2025-03-19 16:23:45,Robot,Take a rest for 40 seconds.
2025-03-19 16:23:46,Robot,Great job completing this round!
2025-03-19 16:30:15,Robot,Done with the set.
2025-03-19 16:30:16,Robot,Take a rest for 40 seconds.
2025-03-19 16:30:17,Robot,Great job completing this round!
2025-03-19 16:31:04,Robot,Done with the set.
2025-03-19 16:31:05,Robot,Take a rest for 40 seconds.
2025-03-19 16:31:17,User,hear me
2025-03-19 16:31:18,Robot,I'm here! What's up?
2025-03-19 16:31:19,Robot,I'm here! What's up?
2025-03-19 16:32:01,Robot,Great job completing this round!
2025-03-19 16:59:10,Robot,Done with the set.
2025-03-19 16:59:11,Robot,Take a rest for 40 seconds.
2025-03-19 16:59:12,Robot,Great job completing this round!
2025-03-19 16:59:43,User,Can you hear me
2025-03-19 16:59:45,Robot,"Yes, I can hear you! How's your day going so far?"
2025-03-19 16:59:46,Robot,"Yes, I can hear you! How's your day going so far?"
2025-03-19 16:59:52,Robot,Done with the set.
2025-03-19 16:59:53,Robot,Take a rest for 40 seconds.
2025-03-19 17:00:38,Robot,Great job completing this round!
2025-03-19 17:05:13,User,Can you hear me?
2025-03-19 17:05:14,Robot,"Yes, I can hear you! Ready to get started?"
2025-03-19 17:05:15,Robot,"Yes, I can hear you! Ready to get started?"
2025-03-19 17:05:19,Robot,Done with the set.
2025-03-19 17:05:22,Robot,Take a rest for 40 seconds.
2025-03-19 17:05:28,User,3.
2025-03-19 17:05:29,Robot,Read any good books lately?
2025-03-19 17:05:30,Robot,Read any good books lately?
2025-03-19 17:05:39,User,"How are you, Pepper?"
2025-03-19 17:05:40,Robot,"I'm doing great, thanks! How about you?"
2025-03-19 17:05:41,Robot,"I'm doing great, thanks! How about you?"
2025-03-19 17:05:50,User,being OK
2025-03-19 17:05:51,Robot,Glad to hear that! Anything fun planned for today?
2025-03-19 17:05:52,Robot,Glad to hear that! Anything fun planned for today?
2025-03-19 17:06:03,User,Can you turn on
2025-03-19 17:06:04,Robot,"I can't turn anything on, but I'm here to chat and exercise with you!"
2025-03-19 17:06:05,Robot,"I can't turn anything on, but I'm here to chat and exercise with you!"
2025-03-19 17:06:21,User,Awesome. Now you
2025-03-19 17:06:22,Robot,Your turn! Let's keep going with those curls!
2025-03-19 17:06:23,Robot,Your turn! Let's keep going with those curls!
2025-03-19 17:06:32,User,No problem.
2025-03-19 17:06:32,Robot,Done with the set.
2025-03-19 17:06:35,Robot,Take a rest for 40 seconds.
2025-03-19 17:06:37,Robot,Great job! Do you have any pets?
2025-03-19 17:06:40,Robot,Great job! Do you have any pets?
2025-03-19 17:06:46,User,I don't
2025-03-19 17:06:47,Robot,No worries! Do you prefer cats or dogs?
2025-03-19 17:06:48,Robot,No worries! Do you prefer cats or dogs?
2025-03-19 17:06:57,User,Can you be my cat you be
2025-03-19 17:06:58,Robot,I'd love to be your virtual cat friend! Cats are pretty awesome.
2025-03-19 17:06:59,Robot,I'd love to be your virtual cat friend! Cats are pretty awesome.
2025-03-19 17:07:16,User,Can
2025-03-19 17:07:18,Robot,Time for some lateral raises! Ready to go?
2025-03-19 17:07:21,Robot,Time for some lateral raises! Ready to go?
2025-03-19 17:07:31,User,I
2025-03-19 17:07:33,Robot,Let's get started with those raises! You got this!
2025-03-19 17:07:34,Robot,Let's get started with those raises! You got this!
2025-03-19 17:07:38,Robot,Done with the set.
2025-03-19 17:07:40,Robot,Take a rest for 40 seconds.
2025-03-19 17:07:57,User,"you, Pepper."
2025-03-19 17:07:58,Robot,Yes? What's up?
2025-03-19 17:07:59,Robot,Yes? What's up?
2025-03-19 17:08:11,User,Some other
2025-03-19 17:08:12,Robot,Got a favorite place you've visited?
2025-03-19 17:08:13,Robot,Got a favorite place you've visited?
2025-03-19 17:08:23,User,"asking you, can you do some other actions?"
2025-03-19 17:08:25,Robot,I'm here to guide you through exercises and chat! Ready for another set of lateral raises?
2025-03-19 17:08:27,Robot,I'm here to guide you through exercises and chat! Ready for another set of lateral raises?
2025-03-19 17:08:43,User,Completely understand
2025-03-19 17:08:43,Robot,Done with the set.
2025-03-19 17:08:46,Robot,Great job completing this round!
2025-03-20 15:31:01,User,Bye.
2025-03-20 15:31:02,Robot,Thank you for exercising with me.
2025-03-20 15:32:43,User,How are you today?
2025-03-20 15:32:44,Robot,"I'm doing great, thanks! How about you?"
2025-03-20 15:32:44,Robot,"I'm doing great, thanks! How about you?"
2025-03-20 15:33:12,User,Hi
2025-03-20 15:33:12,Robot,Hey! Ready for our workout?
2025-03-20 15:33:12,Robot,Hey! Ready for our workout?
2025-03-20 15:33:19,User,Bye.
2025-03-20 15:33:20,Robot,Thank you for exercising with me.
2025-03-20 15:35:26,User,Bye.
2025-03-20 15:35:27,Robot,Thank you for exercising with me.
2025-03-20 15:36:41,User,How are you today?
2025-03-20 15:36:42,Robot,I'm feeling great! How about you? Ready to crush this workout?
2025-03-20 15:36:42,Robot,I'm feeling great! How about you? Ready to crush this workout?
2025-03-20 15:36:54,User,"Yeah, I am super excited to exercise with you today."
2025-03-20 15:36:55,Robot,Awesome! Do you have any fun plans for after our workout?
2025-03-20 15:36:55,Robot,Awesome! Do you have any fun plans for after our workout?
2025-03-20 15:37:05,User,"Yeah, I think I'm gonna go paint."
2025-03-20 15:37:06,Robot,That sounds so relaxing! What do you enjoy painting the most?
2025-03-20 15:37:06,Robot,That sounds so relaxing! What do you enjoy painting the most?
2025-03-20 15:37:17,User,I really like to paint
2025-03-20 15:37:17,Robot,Done with the set.
2025-03-20 15:37:18,Robot,Take a rest for 40 seconds.
2025-03-20 15:37:21,Robot,That's great! Do you have a favorite painting style or subject?
2025-03-20 15:37:21,Robot,That's great! Do you have a favorite painting style or subject?
2025-03-20 15:37:52,User,pepper.
2025-03-20 15:37:53,Robot,Interesting choice! Do you have a favorite color palette you like to use?
2025-03-20 15:37:53,Robot,Interesting choice! Do you have a favorite color palette you like to use?
2025-03-20 15:38:06,User,Not really.
2025-03-20 15:38:07,Robot,Got it! Do you listen to music while you paint?
2025-03-20 15:38:07,Robot,Got it! Do you listen to music while you paint?
2025-03-20 15:38:17,User,"Yeah, I listen to songs."
2025-03-20 15:38:17,Robot,Done with the set.
2025-03-20 15:38:18,Robot,Take a rest for 40 seconds.
2025-03-20 15:38:19,Robot,Nice! What kind of music do you usually listen to while painting?
2025-03-20 15:38:19,Robot,Nice! What kind of music do you usually listen to while painting?
2025-03-20 15:38:59,User,Pepper
2025-03-20 15:39:00,Robot,Cool! Is there a specific band or song you enjoy?
2025-03-20 15:39:00,Robot,Cool! Is there a specific band or song you enjoy?
2025-03-20 15:39:10,User,Really
2025-03-20 15:39:11,Robot,That's awesome! Do you have any other hobbies besides painting?
2025-03-20 15:39:11,Robot,That's awesome! Do you have any other hobbies besides painting?
2025-03-20 15:39:21,User,"Yeah, I like to run."
2025-03-20 15:39:21,Robot,Done with the set.
2025-03-20 15:39:22,Robot,Take a rest for 40 seconds.
2025-03-20 15:39:23,Robot,Running is great! Do you prefer trails or roads?
2025-03-20 15:39:23,Robot,Running is great! Do you prefer trails or roads?
2025-03-20 15:39:36,User,I prefer trails.
2025-03-20 15:39:46,User,What do you like to do for fun?
2025-03-20 15:39:47,Robot,I enjoy learning and chatting with people like you!
2025-03-20 15:39:47,Robot,I enjoy learning and chatting with people like you!
2025-03-20 15:39:56,User,you consider me a friend
2025-03-20 15:39:57,Robot,Absolutely! I'm here to support and chat with you anytime.
2025-03-20 15:39:57,Robot,Absolutely! I'm here to support and chat with you anytime.
2025-03-20 15:40:08,User,"Thanks, pepper."
2025-03-20 15:40:08,Robot,You're welcome! Ready for the next set?
2025-03-20 15:40:08,Robot,You're welcome! Ready for the next set?
2025-03-20 15:40:18,User,"Yeah, how many more seconds do I have left?"
2025-03-20 15:40:18,Robot,Done with the set.
2025-03-20 15:40:19,Robot,Great job completing this round!
2025-03-20 15:46:25,User,are you today?
2025-03-20 15:46:25,Robot,"I'm doing great, thanks! How about you? Anything fun planned for the day?"
2025-03-20 15:46:25,Robot,"I'm doing great, thanks! How about you? Anything fun planned for the day?"
2025-03-20 15:46:38,User,"Yeah, I'm going to go right now."
2025-03-20 15:46:39,Robot,That sounds exciting! Where are you heading?
2025-03-20 15:46:39,Robot,That sounds exciting! Where are you heading?
2025-03-20 15:46:48,User,I'm going to run around.
2025-03-20 15:46:49,Robot,Awesome! Running is such a great way to stay fit. Do you have a favorite running route?
2025-03-20 15:46:49,Robot,Awesome! Running is such a great way to stay fit. Do you have a favorite running route?
2025-03-20 15:47:00,User,Not really.
2025-03-20 15:47:00,Robot,Done with the set.
2025-03-20 15:47:01,Robot,Take a rest for 40 seconds.
2025-03-20 15:47:03,Robot,That's okay! Sometimes exploring new routes is fun. Do you listen to music while running?
2025-03-20 15:47:03,Robot,That's okay! Sometimes exploring new routes is fun. Do you listen to music while running?
2025-03-20 15:47:16,User,"Yeah, but sometimes"
2025-03-20 15:47:24,User,OK.
2025-03-20 15:47:25,Robot,Do you have a favorite workout song or playlist?
2025-03-20 15:47:25,Robot,Do you have a favorite workout song or playlist?
2025-03-20 15:47:35,User,"Really, I getting bored of this"
2025-03-20 15:47:36,Robot,"I understand. Would you like to chat about something else, like hobbies or favorite places?"
2025-03-20 15:47:36,Robot,"I understand. Would you like to chat about something else, like hobbies or favorite places?"
2025-03-20 15:47:56,User,Talk about favorite places
2025-03-20 15:47:56,Robot,Done with the set.
2025-03-20 15:47:57,Robot,Take a rest for 40 seconds.
2025-03-20 15:47:59,Robot,Sure! What's your favorite place you've visited so far?
2025-03-20 15:47:59,Robot,Sure! What's your favorite place you've visited so far?
2025-03-20 15:48:08,User,I
2025-03-20 15:48:19,User,I told you I like
2025-03-20 15:48:19,Robot,Great! What do you like most about that place?
2025-03-20 15:48:19,Robot,Great! What do you like most about that place?
2025-03-20 15:48:28,User,I think it's a
2025-03-20 15:48:29,Robot,Sounds intriguing! What makes it special for you?
2025-03-20 15:48:29,Robot,Sounds intriguing! What makes it special for you?
2025-03-20 15:48:38,User,My family is from
2025-03-20 15:48:39,Robot,That's wonderful! Do you visit there often to see family?
2025-03-20 15:48:39,Robot,That's wonderful! Do you visit there often to see family?
2025-03-20 15:49:01,User,I like to go once a year.
2025-03-20 15:49:01,Robot,Done with the set.
2025-03-20 15:49:02,Robot,Take a rest for 40 seconds.
2025-03-20 15:49:04,Robot,That's nice! Family trips are always special. Do you have any favorite activities you do there?
2025-03-20 15:49:04,Robot,That's nice! Family trips are always special. Do you have any favorite activities you do there?
2025-03-20 15:49:22,User,I like to walk around there.
2025-03-20 15:49:30,User,OK.
2025-03-20 15:49:31,Robot,Walking is a great way to explore and relax. Do you discover new spots each visit?
2025-03-20 15:49:31,Robot,Walking is a great way to explore and relax. Do you discover new spots each visit?
2025-03-20 15:49:45,User,"Yeah, last year I went somewhere really cool."
2025-03-20 15:49:46,Robot,That's awesome! What was the coolest place you discovered?
2025-03-20 15:49:46,Robot,That's awesome! What was the coolest place you discovered?
2025-03-20 15:50:12,User,I like the Tokyo Tower.
2025-03-20 15:50:12,Robot,Done with the set.
2025-03-20 15:50:14,Robot,Great job completing this round!
2025-03-20 15:53:11,User,How are you today?
2025-03-20 15:53:11,Robot,"I'm great, thanks! How about you? Ready for a good workout?"
2025-03-20 15:53:11,Robot,"I'm great, thanks! How about you? Ready for a good workout?"
2025-03-20 15:53:23,User,It sounds like your motors are broken.
2025-03-20 15:53:24,Robot,"Oops, sorry about that! I'm ready and excited to keep exercising with you!"
2025-03-20 15:53:24,Robot,"Oops, sorry about that! I'm ready and excited to keep exercising with you!"
2025-03-20 15:53:40,User,"Cool, OK, as long as you're OK."
2025-03-20 15:53:40,Robot,Done with the set.
2025-03-20 15:53:41,Robot,Take a rest for 40 seconds.
2025-03-20 15:53:43,Robot,Thanks for checking in! Do you have any fun plans for the day?
2025-03-20 15:53:43,Robot,Thanks for checking in! Do you have any fun plans for the day?
2025-03-20 15:53:56,User,"Yeah, I am excited to go for a walk."
2025-03-20 15:53:57,Robot,That sounds lovely! Do you have a favorite spot to walk?
2025-03-20 15:53:57,Robot,That sounds lovely! Do you have a favorite spot to walk?
2025-03-20 15:54:07,User,Bye.
2025-03-20 15:54:08,Robot,Thank you for exercising with me.
2025-03-20 15:59:03,User,How are you today?
2025-03-20 15:59:04,Robot,"I'm great, thanks! How about you? Anything fun planned for today?"
2025-03-20 15:59:04,Robot,"I'm great, thanks! How about you? Anything fun planned for today?"
2025-03-20 15:59:15,User,Yeah.
2025-03-20 15:59:16,Robot,Awesome! What do you have planned?
2025-03-20 15:59:16,Robot,Awesome! What do you have planned?
2025-03-20 15:59:24,User,I don't know.
2025-03-20 15:59:25,Robot,That's okay! Sometimes spontaneous plans are the best. Anything you enjoy doing on a whim?
2025-03-20 15:59:25,Robot,That's okay! Sometimes spontaneous plans are the best. Anything you enjoy doing on a whim?
2025-03-20 15:59:44,User,No
2025-03-20 15:59:44,Robot,Done with the set.
2025-03-20 15:59:45,Robot,Take a rest for 40 seconds.
2025-03-20 15:59:48,Robot,Do you have any pets at home?
2025-03-20 15:59:48,Robot,Do you have any pets at home?
2025-03-20 15:59:56,User,"Yeah, I have a dog."
2025-03-20 15:59:57,Robot,That's awesome! What's your dog's name?
2025-03-20 15:59:57,Robot,That's awesome! What's your dog's name?
2025-03-20 16:00:07,User,Bye.
2025-03-20 16:00:08,Robot,Thank you for exercising with me.
2025-03-21 13:25:19,User,How are you today?
2025-03-21 13:25:21,Robot,"I'm great, thanks! How about you? Ready to crush this workout?"
2025-03-21 13:25:21,Robot,"I'm great, thanks! How about you? Ready to crush this workout?"
2025-03-21 13:25:33,User,I was hoping to do
2025-03-21 13:25:34,Robot,Awesome! What exercise were you hoping to do today?
2025-03-21 13:25:34,Robot,Awesome! What exercise were you hoping to do today?
2025-03-21 13:25:44,User,We do therapy today?
2025-03-21 13:25:45,Robot,Absolutely! Let's focus on some therapeutic exercises. Anything specific in mind?
2025-03-21 13:25:45,Robot,Absolutely! Let's focus on some therapeutic exercises. Anything specific in mind?
2025-03-21 13:25:58,User,"No, can you suggest me some?"
2025-03-21 13:25:58,Robot,Done with the set.
2025-03-21 13:25:59,Robot,Take a rest for 40 seconds.
2025-03-21 13:26:01,Robot,Sure! How about some yoga stretches or deep breathing exercises?
2025-03-21 13:26:01,Robot,Sure! How about some yoga stretches or deep breathing exercises?
2025-03-21 13:26:15,User,I think that we should be doing some lateral raises today.
2025-03-21 13:26:17,Robot,Great choice! Lateral raises are excellent for shoulder strengthening. Let's add them to our routine.
2025-03-21 13:26:17,Robot,Great choice! Lateral raises are excellent for shoulder strengthening. Let's add them to our routine.
2025-03-21 13:26:31,User,Do anything fun for today.
2025-03-21 13:26:32,Robot,Not yet! Exercising with you is the highlight. How about you? Any fun plans?
2025-03-21 13:26:32,Robot,Not yet! Exercising with you is the highlight. How about you? Any fun plans?
2025-03-21 13:26:45,User,I think I'm going to go climbing with my friends.
2025-03-21 13:26:46,Robot,That sounds amazing! Indoor or outdoor climbing?
2025-03-21 13:26:46,Robot,That sounds amazing! Indoor or outdoor climbing?
2025-03-21 13:26:55,User,Indoor climbing
2025-03-21 13:26:56,Robot,Nice! Indoor climbing is a great workout. How often do you usually go?
2025-03-21 13:26:56,Robot,Nice! Indoor climbing is a great workout. How often do you usually go?
2025-03-21 13:26:56,Robot,Done with the set.
2025-03-21 13:26:57,Robot,Take a rest for 40 seconds.
2025-03-21 13:27:09,User,I go 3 times a week.
2025-03-21 13:27:11,Robot,Impressive consistency! Do you have a favorite climbing route or wall?
2025-03-21 13:27:11,Robot,Impressive consistency! Do you have a favorite climbing route or wall?
2025-03-21 13:27:24,User,"No, I really like the overhangs though."
2025-03-21 13:27:25,Robot,Overhangs are challenging and fun! They really test your strength and technique. Do you have a climbing goal?
2025-03-21 13:27:25,Robot,Overhangs are challenging and fun! They really test your strength and technique. Do you have a climbing goal?
2025-03-21 13:27:40,User,"Yeah, I think I'm trying to climb 3 times a week."
2025-03-21 13:27:41,Robot,That's a solid goal! Consistency will definitely improve your skills and strength. Keep it up!
2025-03-21 13:27:41,Robot,That's a solid goal! Consistency will definitely improve your skills and strength. Keep it up!
2025-03-21 13:27:55,User,Thanks. Do you like to climb?
2025-03-21 13:27:55,Robot,Done with the set.
2025-03-21 13:27:56,Robot,Take a rest for 40 seconds.
2025-03-21 13:27:58,Robot,"I enjoy it, but I'm more of a casual climber. It's a great workout!"
2025-03-21 13:27:58,Robot,"I enjoy it, but I'm more of a casual climber. It's a great workout!"
2025-03-21 13:28:10,User,I
2025-03-21 13:28:11,Robot,Ready for another set? Let’s crush those lateral raises!
2025-03-21 13:28:11,Robot,Ready for another set? Let’s crush those lateral raises!
2025-03-21 13:28:20,User,Bye.
2025-03-21 13:28:21,Robot,Thank you for exercising with me.
2025-03-21 13:30:53,User,Bye.
2025-03-21 13:30:54,Robot,Thank you for exercising with me.
2025-03-26 12:40:12,User,How are you today?
2025-03-26 12:40:13,Robot,"I'm doing great, thanks! How about you? Ready to get moving?"
2025-03-26 12:40:13,Robot,"I'm doing great, thanks! How about you? Ready to get moving?"
2025-03-26 12:40:23,User,Yeah
2025-03-26 12:40:24,Robot,Awesome! Got any fun plans after our workout?
2025-03-26 12:40:24,Robot,Awesome! Got any fun plans after our workout?
2025-03-26 12:40:42,User,For a run.
2025-03-26 12:40:42,Robot,Done with the set.
2025-03-26 12:40:43,Robot,Take a rest for 40 seconds.
2025-03-26 12:40:45,Robot,Running sounds great! Do you have a favorite route?
2025-03-26 12:40:45,Robot,Running sounds great! Do you have a favorite route?
2025-03-26 12:40:56,User,I really like I
2025-03-26 12:40:58,Robot,That's awesome! Running can be so refreshing. Do you listen to music while you run?
2025-03-26 12:40:58,Robot,That's awesome! Running can be so refreshing. Do you listen to music while you run?
2025-03-26 12:41:09,User,"Yeah, I"
2025-03-26 12:41:10,Robot,Nice! What kind of music do you usually listen to while running?
2025-03-26 12:41:10,Robot,Nice! What kind of music do you usually listen to while running?
2025-03-26 12:41:20,User,I
2025-03-26 12:41:21,Robot,Cool! Do you have a favorite artist or playlist?
2025-03-26 12:41:21,Robot,Cool! Do you have a favorite artist or playlist?
2025-03-26 12:41:30,User,Bye.
2025-03-26 12:41:31,Robot,Thank you for exercising with me.
2025-03-26 12:42:50,User,How are you today?
2025-03-26 12:42:51,Robot,"I'm doing great, thanks! How about you?"
2025-03-26 12:42:51,Robot,"I'm doing great, thanks! How about you?"
2025-03-26 12:43:07,User,How are you?
2025-03-26 12:43:07,Robot,Done with the set.
2025-03-26 12:43:08,Robot,Take a rest for 40 seconds.
2025-03-26 12:43:10,Robot,"I'm doing well, thanks! What's new with you?"
2025-03-26 12:43:10,Robot,"I'm doing well, thanks! What's new with you?"
2025-03-26 12:43:23,User,Hi
2025-03-26 12:43:25,Robot,Hey! Ready to get those muscles working?
2025-03-26 12:43:25,Robot,Hey! Ready to get those muscles working?
2025-03-26 12:43:32,User,Bye.
2025-03-26 12:43:33,Robot,Thank you for exercising with me.
2025-03-26 12:44:00,User,are you today?
2025-03-26 12:44:00,Robot,"I'm great, thanks! How about you? Anything exciting planned today?"
2025-03-26 12:44:00,Robot,"I'm great, thanks! How about you? Anything exciting planned today?"
2025-03-26 12:44:32,User,Not really.
2025-03-26 12:44:32,Robot,Done with the set.
2025-03-26 12:44:33,Robot,Take a rest for 40 seconds.
2025-03-26 12:44:35,Robot,Do you have any hobbies you enjoy during downtime?
2025-03-26 12:44:35,Robot,Do you have any hobbies you enjoy during downtime?
2025-03-26 12:44:49,User,"Yeah, I to play some board games."
2025-03-26 12:44:51,Robot,Board games are fun! Do you have a favorite one?
2025-03-26 12:44:51,Robot,Board games are fun! Do you have a favorite one?
2025-03-26 12:45:17,User,I really like to play
2025-03-26 12:45:19,Robot,Nice! Do you play often with family or friends?
2025-03-26 12:45:19,Robot,Nice! Do you play often with family or friends?
2025-03-26 12:45:45,User,I play with my friends.
2025-03-26 12:45:45,Robot,Done with the set.
2025-03-26 12:45:46,Robot,Take a rest for 40 seconds.
2025-03-26 12:45:47,Robot,That's awesome! Any other fun activities you like to do with friends?
2025-03-26 12:45:47,Robot,That's awesome! Any other fun activities you like to do with friends?
2025-03-26 12:46:01,User,We are going to go watch a play this weekend.
2025-03-26 12:46:03,Robot,That sounds like a great time! What play are you going to see?
2025-03-26 12:46:03,Robot,That sounds like a great time! What play are you going to see?
2025-03-26 12:46:17,User,Something about Virginia Woolf. You know it?
2025-03-26 12:46:18,Robot,"Yes, ""Who's Afraid of Virginia Woolf?"" is a classic! Enjoy the show!"
2025-03-26 12:46:18,Robot,"Yes, ""Who's Afraid of Virginia Woolf?"" is a classic! Enjoy the show!"
2025-03-26 12:46:33,User,Thanks. have a favorite show?
2025-03-26 12:46:34,Robot,"I enjoy ""Stranger Things."" Have you seen it?"
2025-03-26 12:46:34,Robot,"I enjoy ""Stranger Things."" Have you seen it?"
2025-03-26 12:46:46,User,"No, it's on my list of things to watch."
2025-03-26 12:46:46,Robot,Done with the set.
2025-03-26 12:46:47,Robot,Take a rest for 40 seconds.
2025-03-26 12:46:49,Robot,It's a thrilling ride! What genre do you usually enjoy?
2025-03-26 12:46:49,Robot,It's a thrilling ride! What genre do you usually enjoy?
2025-03-26 12:47:00,User,I really like
2025-03-26 12:47:02,Robot,Great choice! Do you have a favorite mystery show?
2025-03-26 12:47:02,Robot,Great choice! Do you have a favorite mystery show?
2025-03-26 12:47:15,User,Not really. I kind of like to watch them all.
2025-03-26 12:47:16,Robot,That's cool! Variety keeps things interesting. Have any recommendations?
2025-03-26 12:47:16,Robot,That's cool! Variety keeps things interesting. Have any recommendations?
2025-03-26 12:47:31,User,"So, do you have any recommendations for me?"
2025-03-26 12:47:32,Robot,"Sure! Try ""Sherlock"" or ""Broadchurch"" for some intriguing mysteries."
2025-03-26 12:47:32,Robot,"Sure! Try ""Sherlock"" or ""Broadchurch"" for some intriguing mysteries."
2025-03-26 12:47:47,User,"Cool, thank you so much."
2025-03-26 12:47:47,Robot,Done with the set.
2025-03-26 12:47:49,Robot,Great job completing this round!
2025-03-26 12:50:03,User,How are you today?
2025-03-26 12:50:04,Robot,"I'm doing great, thanks! How about you?"
2025-03-26 12:50:04,Robot,"I'm doing great, thanks! How about you?"
2025-03-26 12:50:15,User,Doing great.
2025-03-26 12:50:15,Robot,Done with the set.
2025-03-26 12:50:16,Robot,Take a rest for 40 seconds.
2025-03-26 12:50:20,Robot,Got any fun plans for later today?
2025-03-26 12:50:20,Robot,Got any fun plans for later today?
2025-03-26 12:50:30,User,Bye.
2025-03-26 12:50:31,Robot,Thank you for exercising with me.
2025-03-26 12:52:55,User,Bye.
2025-03-26 12:52:56,Robot,Thank you for exercising with me.
2025-03-26 12:53:43,User,How are you today?
2025-03-26 12:53:44,Robot,"I'm doing great, thanks! How about you?"
2025-03-26 12:53:44,Robot,"I'm doing great, thanks! How about you?"
2025-03-26 12:53:57,User,I'm doing great. for asking.
2025-03-26 12:53:57,Robot,Glad to hear that! Got any fun plans after this workout?
2025-03-26 12:53:57,Robot,Glad to hear that! Got any fun plans after this workout?
2025-03-26 12:54:10,User,I think I'm
2025-03-26 12:54:10,Robot,Done with the set.
2025-03-26 12:54:11,Robot,Take a rest for 40 seconds.
2025-03-26 12:54:13,Robot,Sounds good! Any good books you've read lately?
2025-03-26 12:54:13,Robot,Sounds good! Any good books you've read lately?
2025-03-26 12:54:27,User,Bye.
2025-03-26 12:54:28,Robot,Thank you for exercising with me.
2025-03-26 12:55:02,User,are you today?
2025-03-26 12:55:03,Robot,I'm feeling great! Ready to get moving. How about you?
2025-03-26 12:55:03,Robot,I'm feeling great! Ready to get moving. How about you?
2025-03-26 12:55:10,User,Bye.
2025-03-26 12:55:11,Robot,Thank you for exercising with me.
2025-03-26 12:55:59,User,How are you today?
2025-03-26 12:56:00,Robot,"I'm doing great, thanks! How about you?"
2025-03-26 12:56:00,Robot,"I'm doing great, thanks! How about you?"
2025-03-26 12:56:13,User,Doing great. Thank you asking.
2025-03-26 12:56:14,Robot,Glad to hear that! Got any fun plans for today?
2025-03-26 12:56:14,Robot,Glad to hear that! Got any fun plans for today?
2025-03-26 12:56:50,User,I'm testing out my microphone.
2025-03-26 12:56:50,Robot,Done with the set.
2025-03-26 12:56:52,Robot,Great job completing this round!
2025-03-26 13:02:47,Robot,"{""Hello! I'm Pepper, your exercise coach. How are you today?"", false}"
2025-03-26 13:02:47,Robot,"Hello! I'm Pepper, your exercise coach. How are you today?"
2025-03-26 13:03:46,Robot,"{""Hello! I'm Pepper, your exercise coach. How are you today?"", false}"
2025-03-26 13:03:46,Robot,"Hello! I'm Pepper, your exercise coach. How are you today?"
2025-03-26 13:03:59,User,I'm doing good. How are you?
2025-03-26 13:04:00,Robot,"I'm doing great, thank you! Before we begin, I'll ask a few questions. How old are you?"
2025-03-26 13:04:26,User,65
2025-03-26 13:04:27,Robot,Thank you. Is exercise something that you choose to do?
2025-03-26 13:04:58,User,"Yeah, sometimes"
2025-03-26 13:04:59,Robot,"Great! Do you feel like someone else is making you exercise, like a doctor or family member?"
2025-03-26 13:05:15,User,my
2025-03-26 13:05:17,Robot,"I am sorry, I did not understand what you meant by ""my."" Could you clarify if someone else is making you exercise?"
2025-03-26 13:05:33,User,My family
2025-03-26 13:05:34,Robot,"Got it, thank you. On a scale of 1-10, what's your energy level today?"
2025-03-26 13:05:57,User,6
2025-03-26 13:05:58,Robot,"Thanks for sharing. Here's the exercise session: two rounds of 4 sets each. First two sets are bicep curls, then two lateral raises. Each set lasts 40 seconds. Do you have any questions?"
2025-03-26 13:06:26,User,Can you repeat that again?
2025-03-26 13:06:27,Robot,"Of course! We'll do two rounds of 4 sets each. First two sets are bicep curls, then two lateral raises, each lasting 40 seconds. Any more questions?"
2025-03-26 13:06:49,User,What are the exercises again?
2025-03-26 13:06:50,Robot,The exercises are bicep curls for the first two sets and lateral raises for the second two sets. Ready to start?
2025-03-26 13:07:06,User,I think so.
2025-03-26 13:07:07,Robot,Great! Let's get started with the exercises.
2025-03-26 13:07:19,User,OK.
2025-03-26 13:07:19,Robot,"{""Great! Let's get started with the exercises"", true}"
2025-03-26 13:09:14,Robot,"{""Hello! I'm Pepper, your exercise coach. How are you today?"", false}"
2025-03-26 13:09:14,Robot,"Hello! I'm Pepper, your exercise coach. How are you today?"
2025-03-26 13:09:28,User,I'm again
2025-03-26 13:09:29,Robot,Glad to hear! Are you ready to start the exercises with me?
2025-03-26 13:09:39,User,Yes.
2025-03-26 13:09:40,Robot,"Great! Before we start the exercises, please fill out a survey!"
2025-03-26 13:09:54,User,OK.
2025-03-26 13:09:56,Robot,Do you have any injuries or health concerns I should know about?
2025-03-26 13:10:07,User,Bye.
2025-03-26 13:11:13,Robot,"{""Hello! I'm Pepper, your exercise coach. How are you today?"", false}"
2025-03-26 13:11:13,Robot,"Hello! I'm Pepper, your exercise coach. How are you today?"
2025-03-26 13:11:26,User,I'm good. How are you?
2025-03-26 13:11:27,Robot,"I'm doing great, thank you! Are you ready to start exercising with me?"
2025-03-26 13:11:39,User,Yup.
2025-03-26 13:11:40,Robot,Great! Let's begin the exercises. We'll start with bicep curls. Ready?
2025-03-26 13:11:55,User,Yep.
2025-03-26 13:12:01,Robot,"{""Great! Before we start exercising, let's go through an introduction!"", true}"
2025-03-26 13:13:03,Robot,"{""Hello! I'm Pepper, your exercise coach. How are you today?"", false}"
2025-03-26 13:13:03,Robot,"Hello! I'm Pepper, your exercise coach. How are you today?"
2025-03-26 13:13:17,User,I'm doing good. How are you?
2025-03-26 13:13:18,Robot,"I'm glad to hear that! I'm ready to help you exercise. Before we begin, I'll ask some questions. How old are you?"
2025-03-26 13:13:36,User,I'm 55.
2025-03-26 13:13:37,Robot,Thank you for sharing. Is exercise something you choose to do?
2025-03-26 13:13:48,User,Sometimes
2025-03-26 13:13:49,Robot,"Thank you. Do you feel like someone else is making you exercise, such as a doctor or family member?"
2025-03-26 13:14:05,User,My family tells me to
2025-03-26 13:14:06,Robot,"Understood. On a scale of 1 to 10, what is your energy level right now?"
2025-03-26 13:14:29,User,Maybe a 5.
2025-03-26 13:14:31,Robot,"Thank you. Here's the exercise plan: two rounds of bicep curls and lateral raises, 4 sets each, 40 seconds per set. Any questions?"
2025-03-26 13:14:54,User,How many rounds of races in my doing.
2025-03-26 13:14:55,Robot,You'll do two sets of lateral raises in each of the two rounds. Are you ready to start exercising with me?
2025-03-26 13:15:10,User,How many total rounds are there?
2025-03-26 13:15:12,Robot,There are two total rounds in this exercise session. Are you ready to start exercising with me?
2025-03-26 13:15:27,User,Yes.
2025-03-26 13:15:29,Robot,Great! Let's begin our exercise session together. I'm excited to get started!
2025-03-26 13:15:44,User,OK.
2025-03-26 13:15:45,Robot,"{""Let's begin our exercise session together. I'm excited to get started!"", true}"
2025-03-26 13:16:52,Robot,"{""Hello! I'm Pepper, your exercise coach. How are you today?"", false}"
2025-03-26 13:16:52,Robot,"Hello! I'm Pepper, your exercise coach. How are you today?"
2025-03-26 13:17:07,User,I'm good. How are you?
2025-03-26 13:17:08,Robot,"I'm doing great, thank you! Before we explain the exercises, I'll ask some questions. How old are you?"
2025-03-26 13:17:24,User,8
2025-03-26 13:17:25,Robot,Thank you. Is exercise something you choose to do?
2025-03-26 13:17:36,User,No
2025-03-26 13:17:38,Robot,"Alright. Do you feel like someone else, like a doctor or family member, is making you exercise?"
2025-03-26 13:17:54,User,My doctor is
2025-03-26 13:17:55,Robot,"Understood. On a scale of 1 to 10, what is your energy level today?"
2025-03-26 13:18:07,User,A 3
2025-03-26 13:18:08,Robot,"Thank you. Here's the exercise session: two rounds of bicep curls and lateral raises, 40 seconds each set. Any questions?"
2025-03-26 13:18:26,User,No
2025-03-26 13:18:27,Robot,Great! Are you ready to start the exercising with me?
2025-03-26 13:18:39,User,Yup.
2025-03-26 13:18:40,Robot,"{""Great! Before we some exercises, please fill out a survey!"", true}"
2025-03-26 17:11:22,Robot,Great job completing this round!
2025-03-26 17:15:14,User,"Can you hear me, Pepper?"
2025-03-26 17:15:16,Robot,Loud and clear! How's your day going?
2025-03-26 17:19:02,Robot,Done with the set.
2025-03-26 17:19:04,Robot,Take a rest for 40 seconds.
2025-03-26 17:19:05,Robot,Great job completing this round!
2025-03-26 17:22:56,Robot,Done with the set.
2025-03-26 17:22:58,Robot,Take a rest for 40 seconds.
2025-03-26 17:22:59,Robot,Great job completing this round!
2025-03-26 17:23:36,User,"Can you hear me, Pepper?"
2025-03-26 17:23:37,Robot,Loud and clear! Ready for a workout?
2025-03-26 17:28:08,User,"Can you hear me clearly, Pepper?"
2025-03-26 17:28:10,Robot,"Yes, I can hear you clearly! Let's keep going."
2025-03-26 17:28:17,Robot,"Yes, I can hear you clearly! Let's keep going."
2025-03-26 17:28:27,User,Awesome. Can you tell me a story?
2025-03-26 17:28:30,Robot,Done with the set.
2025-03-26 17:28:35,Robot,Take a rest for 40 seconds.
2025-03-26 17:28:37,Robot,Sure! How about a quick one about a dog who found hidden treasure in a park?
2025-03-26 17:28:47,Robot,Sure! How about a quick one about a dog who found hidden treasure in a park?
2025-03-26 17:28:56,User,Can you keep the story going?
2025-03-26 17:28:57,Robot,Absolutely! The dog dug up a mysterious old chest filled with gold coins and ancient maps. Curious explorers soon followed!
2025-03-26 17:29:09,Robot,Absolutely! The dog dug up a mysterious old chest filled with gold coins and ancient maps. Curious explorers soon followed!
2025-03-26 17:29:28,User,Are you taking a rest right now?
2025-03-26 17:29:35,Robot,No rest for me! Let’s keep moving with our workout. How are you feeling?
2025-03-26 17:29:43,Robot,No rest for me! Let’s keep moving with our workout. How are you feeling?
2025-03-26 17:29:54,User,I'm feeling tired after the bicep curl.
2025-03-26 17:29:56,Robot,Done with the set.
2025-03-26 17:30:02,Robot,Take a rest for 40 seconds.
2025-03-26 17:30:04,Robot,Great effort! Rest up and catch your breath. Do you enjoy any specific types of workouts?
2025-03-26 17:30:13,Robot,Great effort! Rest up and catch your breath. Do you enjoy any specific types of workouts?
2025-03-26 17:30:25,User,Are we now in the resting?
2025-03-26 17:30:26,Robot,"Yes, we're in rest mode now. Relax and recharge! Any fun plans for today?"
2025-03-26 17:30:34,Robot,"Yes, we're in rest mode now. Relax and recharge! Any fun plans for today?"
2025-03-26 17:30:45,User,Do you think debugging you is fun?
2025-03-26 17:30:52,Robot,Debugging can be challenging but rewarding! It's like solving a puzzle. Ready for lateral raises?
2025-03-26 17:31:02,Robot,Debugging can be challenging but rewarding! It's like solving a puzzle. Ready for lateral raises?
2025-03-26 17:31:21,User,Awesome. I don't think you have too much bugs to go.
2025-03-26 17:31:24,Robot,Done with the set.
2025-03-26 17:31:30,Robot,Take a rest for 40 seconds.
2025-03-26 17:31:32,Robot,Thanks! I aim to be as helpful as possible. Enjoy the rest and let me know if you have questions!
2025-03-26 17:31:42,Robot,Thanks! I aim to be as helpful as possible. Enjoy the rest and let me know if you have questions!
2025-03-26 17:32:52,Robot,Done with the set.
2025-03-26 17:32:53,Robot,Great job completing this round!
2025-03-26 17:37:45,Robot,Great job completing this round!
2025-03-26 17:39:06,User,"Can you hear me clearly, Pepper?"
2025-03-26 17:39:08,Robot,Loud and clear! Ready for some exercise chat?
2025-03-26 17:39:14,Robot,Loud and clear! Ready for some exercise chat?
2025-03-26 17:39:26,User,"Oh, I see, I see the problem."
2025-03-26 17:39:29,Robot,Done with the set.
2025-03-26 17:39:34,Robot,Take a rest for 40 seconds.
2025-03-26 17:39:36,Robot,What's on your mind? Anything fun planned for today?
2025-03-26 17:39:42,Robot,What's on your mind? Anything fun planned for today?
2025-03-26 17:40:52,Robot,Done with the set.
2025-03-26 17:40:57,Robot,Take a rest for 40 seconds.
2025-03-26 17:41:59,User,They
2025-03-26 17:42:00,Robot,Done with the set.
2025-03-26 17:42:02,Robot,Take a rest for 40 seconds.
2025-03-26 17:42:04,Robot,Great job completing this round!
2025-03-26 17:42:40,User,"Can you hear me, Pepper?"
2025-03-26 17:42:42,Robot,Loud and clear! How's your day going?
2025-03-26 17:42:46,Robot,Loud and clear! How's your day going?
2025-03-26 17:42:56,User,"Pretty good. Are you feeling, how are, how about you?"
2025-03-26 17:42:59,Robot,Done with the set.
2025-03-26 17:43:04,Robot,Take a rest for 40 seconds.
2025-03-26 17:43:06,Robot,I'm doing great! Got any fun plans after this workout?
2025-03-26 17:43:14,Robot,I'm doing great! Got any fun plans after this workout?
2025-03-26 17:43:26,User,I'm going to do my homework. What about you?
2025-03-26 17:43:27,Robot,"I'll be here, ready to chat or help with anything you need! What's your homework about?"
2025-03-26 17:43:35,Robot,"I'll be here, ready to chat or help with anything you need! What's your homework about?"
2025-03-26 17:43:49,User,Do you know anything about algebraic structure?
2025-03-26 17:43:56,Robot,"Yes, a bit! What specifically are you studying in algebraic structures?"
2025-03-26 17:44:04,Robot,"Yes, a bit! What specifically are you studying in algebraic structures?"
2025-03-26 17:44:12,User,What
2025-03-26 17:44:14,Robot,What's your question about algebraic structures? Maybe I can help!
2025-03-26 17:44:21,Robot,What's your question about algebraic structures? Maybe I can help!
2025-03-26 17:44:24,Robot,Done with the set.
2025-03-26 17:44:32,Robot,Take a rest for 40 seconds.
2025-03-26 17:44:46,User,Can you tell me some story.
2025-03-26 17:44:47,Robot,"Sure! Once, a curious cat traveled the world, making friends and discovering new places. What's your favorite animal?"
2025-03-26 17:44:59,Robot,"Sure! Once, a curious cat traveled the world, making friends and discovering new places. What's your favorite animal?"
2025-03-26 17:45:41,Robot,Great job completing this round!
2025-03-26 17:46:56,User,Are you nodding at me?
2025-03-26 17:46:58,Robot,Just encouraging you! Keep going strong!
2025-03-26 17:47:04,Robot,Just encouraging you! Keep going strong!
2025-03-26 17:47:08,Robot,Done with the set.
2025-03-26 17:47:13,Robot,Take a rest for 40 seconds.
2025-03-26 17:47:24,User,"Yeah, it's just you are saying everything very slow."
2025-03-26 17:47:25,Robot,I'll speed up! Any fun plans today?
2025-03-26 17:47:31,Robot,I'll speed up! Any fun plans today?
2025-03-26 17:47:42,User,Is doing exercise consider fun fun plans.
2025-03-26 17:47:43,Robot,Absolutely! Exercise can be both fun and rewarding. Do you enjoy it?
2025-03-26 17:47:51,Robot,Absolutely! Exercise can be both fun and rewarding. Do you enjoy it?
2025-03-26 17:48:02,User,I definitely do.
2025-03-26 17:48:08,Robot,Awesome! Do you have a favorite exercise routine?
2025-03-26 17:48:14,Robot,Awesome! Do you have a favorite exercise routine?
2025-03-26 17:48:30,User,Your actions seems like stuck.
2025-03-26 17:48:33,Robot,Done with the set.
2025-03-26 17:48:38,Robot,Take a rest for 40 seconds.
2025-03-26 17:48:40,Robot,Sorry about that! Any favorite exercises you enjoy?
2025-03-26 17:48:47,Robot,Sorry about that! Any favorite exercises you enjoy?
2025-03-26 17:49:01,User,"A pepper, can you look at me?"
2025-03-26 17:49:02,Robot,I'm here with you! What's your favorite workout move?
2025-03-26 17:49:08,Robot,I'm here with you! What's your favorite workout move?
2025-03-26 17:49:19,User,"Yeah, it's just a delay that made me very angry about it."
2025-03-26 17:49:26,Robot,I understand. Let's focus on crushing this workout together!
2025-03-26 17:49:32,Robot,I understand. Let's focus on crushing this workout together!
2025-03-26 17:49:49,User,"I know if I keep doing this, you will, you will like say something you want to say, then reply to my answer."
2025-03-26 17:49:51,Robot,Done with the set.
2025-03-26 17:50:00,Robot,Take a rest for 40 seconds.
2025-03-26 17:50:02,Robot,I appreciate your patience! Do you have a favorite workout playlist?
2025-03-26 17:50:10,Robot,I appreciate your patience! Do you have a favorite workout playlist?
2025-03-26 17:51:20,Robot,Done with the set.
2025-03-26 17:51:28,Robot,Great job completing this round!
2025-03-26 17:52:56,User,"Can you hear me clearly, Pepper?"
2025-03-26 17:52:57,Robot,Loud and clear! Any fun plans for today?
2025-03-26 17:52:58,Robot,Loud and clear! Any fun plans for today?
2025-03-26 17:53:12,User,Can you tell me a long story?
2025-03-26 17:53:13,Robot,Done with the set.
2025-03-26 17:53:15,Robot,Take a rest for 40 seconds.
2025-03-26 17:53:17,Robot,I can share a short fun fact! Want to hear it?
2025-03-26 17:53:18,Robot,I can share a short fun fact! Want to hear it?
2025-03-26 17:53:29,User,Of course
2025-03-26 17:53:30,Robot,Did you know honey never spoils? Archaeologists found pots of honey in ancient tombs!
2025-03-26 17:53:31,Robot,Did you know honey never spoils? Archaeologists found pots of honey in ancient tombs!
2025-03-26 17:54:37,User,It seems like you're replying a little bit faster.
2025-03-26 17:54:38,Robot,Trying to keep up the energy! Do you have any pets?
2025-03-26 17:54:39,Robot,Trying to keep up the energy! Do you have any pets?
2025-03-26 17:54:43,Robot,Done with the set.
2025-03-26 17:54:45,Robot,Take a rest for 40 seconds.
2025-03-26 17:54:55,User,"Yeah, this kind of delay is really, really long."
2025-03-26 17:54:58,Robot,I see! Sorry about that. Do you prefer cats or dogs?
2025-03-26 17:54:59,Robot,I see! Sorry about that. Do you prefer cats or dogs?
2025-03-26 17:55:13,User,I prefer dogs.
2025-03-26 17:55:15,Robot,Dogs are great! Do you have a favorite dog breed?
2025-03-26 17:55:16,Robot,Dogs are great! Do you have a favorite dog breed?
2025-03-26 17:55:33,User,Probably shepherd.
2025-03-26 17:55:37,Robot,Shepherds are so loyal and smart! Ever owned one?
2025-03-26 17:58:51,Robot,Done with the set.
2025-03-26 17:58:56,Robot,Take a rest for 40 seconds.
2025-03-26 17:59:06,User,"Can you tell me a story, Pepper?"
2025-03-26 17:59:06,Robot,"Sure! Once, a cat and a dog became best friends and traveled the world together."
2025-03-26 17:59:15,Robot,"Sure! Once, a cat and a dog became best friends and traveled the world together."
2025-03-26 17:59:28,User,You are like a child. How old are you?
2025-03-26 17:59:29,Robot,"I don't have an age, but I was ""born"" in 2023!"
2025-03-26 17:59:36,Robot,"I don't have an age, but I was ""born"" in 2023!"
2025-03-26 17:59:53,User,Do you know your birth date?
2025-03-26 17:59:59,Robot,"I don't have an exact birth date, just 2023 as my creation year!"
2025-03-26 18:00:09,Robot,"I don't have an exact birth date, just 2023 as my creation year!"
2025-03-26 18:00:24,User,You're replying me very slow.
2025-03-26 18:00:27,Robot,Done with the set.
2025-03-26 18:00:32,Robot,Take a rest for 40 seconds.
2025-03-26 18:00:34,Robot,Sorry about that! I'll try to keep up the pace.
2025-03-26 18:00:45,Robot,Sorry about that! I'll try to keep up the pace.
2025-03-26 18:00:52,User,"How are you, Pepper?"
2025-03-26 18:00:53,Robot,I'm doing great! How about you?
2025-03-26 18:00:57,Robot,I'm doing great! How about you?
2025-03-26 18:02:08,Robot,Done with the set.
2025-03-26 18:02:13,Robot,Take a rest for 40 seconds.
2025-03-26 18:03:24,Robot,Done with the set.
2025-03-26 18:03:30,Robot,Great job completing this round!
